created_at,id,id_str,text,full_text,truncated,entities,source,in_reply_to_status_id,in_reply_to_status_id_str,in_reply_to_user_id,in_reply_to_user_id_str,in_reply_to_screen_name,geo,coordinates,place,contributors,is_quote_status,retweet_count,favorite_count,favorited,favorited_by,retweeted,scopes,lang,possibly_sensitive,display_text_width,display_text_range,retweeted_status,quoted_status,quoted_status_id,quoted_status_id_str,quoted_status_permalink,quote_count,timestamp_ms,reply_count,filter_level,metadata,query,withheld_scope,withheld_copyright,withheld_in_countries,possibly_sensitive_appealable
2023-02-05T21:04:03Z,1622340299740545e3,1622340299740545027,"ğŸ†™ Seguiremos peleando ğŸ’ª 

#AurreraReala https://t.co/J33I6X1LUI","ğŸ†™ Seguiremos peleando ğŸ’ª 

#AurreraReala https://t.co/J33I6X1LUI",FALSE,,"<a href=""http://twitter.com/download/iphone"" rel=""nofollow"">Twitter for iPhone</a>",NA,NA,NA,NA,NA,,,,NA,FALSE,7,128,FALSE,NA,FALSE,NA,es,FALSE,NA,39,NA,,NA,NA,,NA,NA,NA,NA,NA,NA,NA,NA,NA,NA
2023-02-05T20:14:44Z,1622327885704069e3,1622327885704069120,"""Oportunidad desaprovechada"".

#RealSociedadRealValladolid | #AurreraReala https://t.co/xckt4UtE57","""Oportunidad desaprovechada"".

#RealSociedadRealValladolid | #AurreraReala https://t.co/xckt4UtE57",FALSE,,"<a href=""https://studio.twitter.com"" rel=""nofollow"">Twitter Media Studio</a>",NA,NA,NA,NA,NA,,,,NA,FALSE,3,35,FALSE,NA,FALSE,NA,es,FALSE,NA,74,NA,,NA,NA,,NA,NA,NA,NA,NA,NA,NA,NA,NA,NA
2023-02-05T20:10:39Z,1622326860192403500,1622326860192403458,"""ğ—¡ğ—¼ ğ—µğ—²ğ—ºğ—¼ğ˜€ ğ—²ğ˜€ğ˜ğ—®ğ—±ğ—¼ ğ—®ğ—°ğ—²ğ—¿ğ˜ğ—®ğ—±ğ—¼ğ˜€"".

#RealSociedadRealValladolid | #AurreraReala https://t.co/g4U2jFYyZV","""ğ—¡ğ—¼ ğ—µğ—²ğ—ºğ—¼ğ˜€ ğ—²ğ˜€ğ˜ğ—®ğ—±ğ—¼ ğ—®ğ—°ğ—²ğ—¿ğ˜ğ—®ğ—±ğ—¼ğ˜€"".

#RealSociedadRealValladolid | #AurreraReala https://t.co/g4U2jFYyZV",FALSE,,"<a href=""https://studio.twitter.com"" rel=""nofollow"">Twitter Media Studio</a>",NA,NA,NA,NA,NA,,,,NA,FALSE,4,45,FALSE,NA,FALSE,NA,es,FALSE,NA,73,NA,,NA,NA,,NA,NA,NA,NA,NA,NA,NA,NA,NA,NA
2023-02-05T19:59:38Z,1622324089481478100,1622324089481478145,"ğŸ” @ASorloth ğŸ”

#POTM | #AurreraReala https://t.co/ySfwNHSQMB","ğŸ” @ASorloth ğŸ”

#POTM | #AurreraReala https://t.co/ySfwNHSQMB",FALSE,,"<a href=""https://studio.twitter.com"" rel=""nofollow"">Twitter Media Studio</a>",NA,NA,NA,NA,NA,,,,NA,FALSE,10,178,FALSE,NA,FALSE,NA,und,FALSE,NA,36,NA,,NA,NA,,NA,NA,NA,NA,NA,NA,NA,NA,NA,NA
2023-02-05T19:39:17Z,1622318966424076300,1622318966424076290,"ğŸŒŸ Vota en la web al mejor jugador del partido y gana una camiseta y una compra de 100 euros con @BMSupermercados.

#BMRealarenSupermerkatua","ğŸŒŸ Vota en la web al mejor jugador del partido y gana una camiseta y una compra de 100 euros con @BMSupermercados.

#BMRealarenSupermerkatua",FALSE,,"<a href=""https://twitter.com"" rel=""nofollow"">Twitter for Advertisers</a>",NA,NA,NA,NA,NA,,,,NA,FALSE,1,32,FALSE,NA,FALSE,NA,es,NA,NA,139,NA,,NA,NA,,NA,NA,NA,NA,NA,NA,NA,NA,NA,NA
2023-02-05T19:23:54Z,1622315095312269300,1622315095312269315,"ğŸ”š Final.

#RealSociedadRealValladolid | #AurreraReala https://t.co/v2dvyzO9A6","ğŸ”š Final.

#RealSociedadRealValladolid | #AurreraReala https://t.co/v2dvyzO9A6",FALSE,,"<a href=""https://about.twitter.com/products/tweetdeck"" rel=""nofollow"">TweetDeck</a>",NA,NA,NA,NA,NA,,,,NA,FALSE,30,181,FALSE,NA,FALSE,NA,en,FALSE,NA,53,NA,,NA,NA,,NA,NA,NA,NA,NA,NA,NA,NA,NA,NA
2023-02-05T19:23:27Z,1622314981227102200,1622314981227102209,"ğŸŸ¨ 95â€™ | 0-1 | Ha visto la tarjeta amarilla.

#RealSociedadRealValladolid | #AurreraReala https://t.co/xzUSMvrqwR","ğŸŸ¨ 95â€™ | 0-1 | Ha visto la tarjeta amarilla.

#RealSociedadRealValladolid | #AurreraReala https://t.co/xzUSMvrqwR",FALSE,,"<a href=""https://about.twitter.com/products/tweetdeck"" rel=""nofollow"">TweetDeck</a>",NA,NA,NA,NA,NA,,,,NA,FALSE,0,22,FALSE,NA,FALSE,NA,es,FALSE,NA,88,NA,,NA,NA,,NA,NA,NA,NA,NA,NA,NA,NA,NA,NA
2023-02-05T19:18:48Z,1622313812996067300,1622313812996067331,"â• 90â€™ | 0-0 | Cinco minutos de descuento.

#RealSociedadRealValladolid | #AurreraReala https://t.co/qObNp0KX0C","â• 90â€™ | 0-0 | Cinco minutos de descuento.

#RealSociedadRealValladolid | #AurreraReala https://t.co/qObNp0KX0C",FALSE,,"<a href=""https://mobile.twitter.com"" rel=""nofollow"">Twitter Web App</a>",NA,NA,NA,NA,NA,,,,NA,FALSE,1,44,FALSE,NA,FALSE,NA,es,FALSE,NA,86,NA,,NA,NA,,NA,NA,NA,NA,NA,NA,NA,NA,NA,NA
2023-02-05T19:12:25Z,1622312203461300200,1622312203461300224,"ğŸ”„ 83â€™ | 0-1 | Cambio en la Real.

#RealSociedadRealValladolid | #AurreraReala https://t.co/omg4BQU4aH","ğŸ”„ 83â€™ | 0-1 | Cambio en la Real.

#RealSociedadRealValladolid | #AurreraReala https://t.co/omg4BQU4aH",FALSE,,"<a href=""https://mobile.twitter.com"" rel=""nofollow"">Twitter Web App</a>",NA,NA,NA,NA,NA,,,,NA,FALSE,2,14,FALSE,NA,FALSE,NA,es,FALSE,NA,77,NA,,NA,NA,,NA,NA,NA,NA,NA,NA,NA,NA,NA,NA
2023-02-05T19:09:49Z,1622311549250437e3,1622311549250437122,"â±81â€™ | 0-1 | GOAAAAAZEN REAL!!!! ğŸ’ªğŸ’ªğŸ’ªğŸ’ª

#RealSociedadRealValladolid | #AurreraReala https://t.co/C9HbWV7kRw","â±81â€™ | 0-1 | GOAAAAAZEN REAL!!!! ğŸ’ªğŸ’ªğŸ’ªğŸ’ª

#RealSociedadRealValladolid | #AurreraReala https://t.co/C9HbWV7kRw",FALSE,,"<a href=""https://mobile.twitter.com"" rel=""nofollow"">Twitter Web App</a>",NA,NA,NA,NA,NA,,,,NA,FALSE,2,31,FALSE,NA,FALSE,NA,ht,FALSE,NA,82,NA,,NA,NA,,NA,NA,NA,NA,NA,NA,NA,NA,NA,NA
2023-02-05T19:06:08Z,1622310622456156200,1622310622456156162,"ğŸ”„ 77â€™ | 0-1 | Cambio en la Real.

#RealSociedadRealValladolid | #AurreraReala https://t.co/jedRejU3Sk","ğŸ”„ 77â€™ | 0-1 | Cambio en la Real.

#RealSociedadRealValladolid | #AurreraReala https://t.co/jedRejU3Sk",FALSE,,"<a href=""https://mobile.twitter.com"" rel=""nofollow"">Twitter Web App</a>",NA,NA,NA,NA,NA,,,,NA,FALSE,2,21,FALSE,NA,FALSE,NA,es,FALSE,NA,77,NA,,NA,NA,,NA,NA,NA,NA,NA,NA,NA,NA,NA,NA
2023-02-05T19:02:55Z,1622309815283228700,1622309815283228672,"âš½ 73â€™ | 0-1 | Gol del @realvalladolid. Marca Larin.

#RealSociedadRealValladolid | #AurreraReala","âš½ 73â€™ | 0-1 | Gol del @realvalladolid. Marca Larin.

#RealSociedadRealValladolid | #AurreraReala",FALSE,,"<a href=""https://mobile.twitter.com"" rel=""nofollow"">Twitter Web App</a>",NA,NA,NA,NA,NA,,,,NA,FALSE,8,29,FALSE,NA,FALSE,NA,es,NA,NA,96,NA,,NA,NA,,NA,NA,NA,NA,NA,NA,NA,NA,NA,NA
2023-02-05T18:58:52Z,1622308793542385700,1622308793542385665,"ğŸŸ¨ 69â€™ | 0-0 | Tarjeta amarilla para @illarra4.

#RealSociedadRealValladolid | #AurreraReala https://t.co/aTT0be07g1","ğŸŸ¨ 69â€™ | 0-0 | Tarjeta amarilla para @illarra4.

#RealSociedadRealValladolid | #AurreraReala https://t.co/aTT0be07g1",FALSE,,"<a href=""https://mobile.twitter.com"" rel=""nofollow"">Twitter Web App</a>",NA,NA,NA,NA,NA,,,,NA,FALSE,0,14,FALSE,NA,FALSE,NA,es,FALSE,NA,91,NA,,NA,NA,,NA,NA,NA,NA,NA,NA,NA,NA,NA,NA
2023-02-05T18:57:34Z,1622308466344747e3,1622308466344747010,"â± 68â€™ | 0-0 | ğŸ¤¸â€â™‚ï¸

#RealSociedadRealValladolid | #AurreraReala https://t.co/7sfa7L75ng","â± 68â€™ | 0-0 | ğŸ¤¸â€â™‚ï¸

#RealSociedadRealValladolid | #AurreraReala https://t.co/7sfa7L75ng",FALSE,,"<a href=""https://mobile.twitter.com"" rel=""nofollow"">Twitter Web App</a>",NA,NA,NA,NA,NA,,,,NA,FALSE,2,32,FALSE,NA,FALSE,NA,und,FALSE,NA,63,NA,,NA,NA,,NA,NA,NA,NA,NA,NA,NA,NA,NA,NA
2023-02-05T18:54:52Z,1622307789832872e3,1622307789832871936,"â±65â€™ | 0-0 | UUUUYYYYY  KUBO!! Muy activo el nipÃ³n!!!

#RealSociedadRealValladolid | #AurreraReala https://t.co/OdOFuVMlJC","â±65â€™ | 0-0 | UUUUYYYYY  KUBO!! Muy activo el nipÃ³n!!!

#RealSociedadRealValladolid | #AurreraReala https://t.co/OdOFuVMlJC",FALSE,,"<a href=""https://mobile.twitter.com"" rel=""nofollow"">Twitter Web App</a>",NA,NA,NA,NA,NA,,,,NA,FALSE,6,72,FALSE,NA,FALSE,NA,es,FALSE,NA,98,NA,,NA,NA,,NA,NA,NA,NA,NA,NA,NA,NA,NA,NA
2023-02-05T18:53:34Z,1622307461116960800,1622307461116960768,"Hoy han venido 32.214 personas al Reale Arena. Eskerrik asko!

#AurreraReala https://t.co/BVGb5inT1F","Hoy han venido 32.214 personas al Reale Arena. Eskerrik asko!

#AurreraReala https://t.co/BVGb5inT1F",FALSE,,"<a href=""http://twitter.com/download/iphone"" rel=""nofollow"">Twitter for iPhone</a>",NA,NA,NA,NA,NA,,,,NA,FALSE,2,51,FALSE,NA,FALSE,NA,es,FALSE,NA,76,NA,,NA,NA,,NA,NA,NA,NA,NA,NA,NA,NA,NA,NA
2023-02-05T18:51:08Z,1622306848274612200,1622306848274612231,"ğŸ”„ 62â€™ | 0-0 | Cambio en la Real.

#RealSociedadRealValladolid | #AurreraReala https://t.co/lIYwvxLD2T","ğŸ”„ 62â€™ | 0-0 | Cambio en la Real.

#RealSociedadRealValladolid | #AurreraReala https://t.co/lIYwvxLD2T",FALSE,,"<a href=""https://mobile.twitter.com"" rel=""nofollow"">Twitter Web App</a>",NA,NA,NA,NA,NA,,,,NA,FALSE,2,22,FALSE,NA,FALSE,NA,es,FALSE,NA,77,NA,,NA,NA,,NA,NA,NA,NA,NA,NA,NA,NA,NA,NA
2023-02-05T18:49:04Z,1622306328466055200,1622306328466055171,"â± 60â€™ | 0-0 | Roza el poste el remate de @Asorloth!!

#RealSociedadRealValladolid | #AurreraReala https://t.co/hc5HozYmr8","â± 60â€™ | 0-0 | Roza el poste el remate de @Asorloth!!

#RealSociedadRealValladolid | #AurreraReala https://t.co/hc5HozYmr8",FALSE,,"<a href=""https://mobile.twitter.com"" rel=""nofollow"">Twitter Web App</a>",NA,NA,NA,NA,NA,,,,NA,FALSE,1,21,FALSE,NA,FALSE,NA,es,FALSE,NA,97,NA,,NA,NA,,NA,NA,NA,NA,NA,NA,NA,NA,NA,NA
2023-02-05T18:42:45Z,1622304739604963300,1622304739604963330,"â±55â€™ | 0-0 | Vamos a por todo!! ğŸ’ªğŸ’ª

#RealSociedadRealValladolid | #AurreraReala https://t.co/P681RZMGFl","â±55â€™ | 0-0 | Vamos a por todo!! ğŸ’ªğŸ’ª

#RealSociedadRealValladolid | #AurreraReala https://t.co/P681RZMGFl",FALSE,,"<a href=""https://mobile.twitter.com"" rel=""nofollow"">Twitter Web App</a>",NA,NA,NA,NA,NA,,,,NA,FALSE,1,21,FALSE,NA,FALSE,NA,es,FALSE,NA,79,NA,,NA,NA,,NA,NA,NA,NA,NA,NA,NA,NA,NA,NA
2023-02-05T18:17:01Z,1622298263830384600,1622298263830384641,"â¸ Descanso en el Reale Arena. 

#RealSociedadRealValladolid | #AurreraReala https://t.co/N6yMXSctEw","â¸ Descanso en el Reale Arena. 

#RealSociedadRealValladolid | #AurreraReala https://t.co/N6yMXSctEw",FALSE,,"<a href=""https://about.twitter.com/products/tweetdeck"" rel=""nofollow"">TweetDeck</a>",NA,NA,NA,NA,NA,,,,NA,FALSE,16,100,FALSE,NA,FALSE,NA,es,FALSE,NA,75,NA,,NA,NA,,NA,NA,NA,NA,NA,NA,NA,NA,NA,NA
2023-02-05T18:15:54Z,1622297981553725400,1622297981553725440,"ğŸŸ¨ 45â€™ | 0-0 | Tarjeta amarilla para Barrene.

#RealSociedadRealValladolid | #AurreraReala https://t.co/Oj1sOwnreJ","ğŸŸ¨ 45â€™ | 0-0 | Tarjeta amarilla para Barrene.

#RealSociedadRealValladolid | #AurreraReala https://t.co/Oj1sOwnreJ",FALSE,,"<a href=""https://mobile.twitter.com"" rel=""nofollow"">Twitter Web App</a>",NA,NA,NA,NA,NA,,,,NA,FALSE,0,16,FALSE,NA,FALSE,NA,es,FALSE,NA,89,NA,,NA,NA,,NA,NA,NA,NA,NA,NA,NA,NA,NA,NA
2023-02-05T18:09:40Z,1622296415098527700,1622296415098527745,"â± 38â€™ | 0-0 | @illarra4 ğŸ‘

#RealSociedadRealValladolid | #AurreraReala https://t.co/ABZe8q9hKa","â± 38â€™ | 0-0 | @illarra4 ğŸ‘

#RealSociedadRealValladolid | #AurreraReala https://t.co/ABZe8q9hKa",FALSE,,"<a href=""https://mobile.twitter.com"" rel=""nofollow"">Twitter Web App</a>",NA,NA,NA,NA,NA,,,,NA,FALSE,1,28,FALSE,NA,FALSE,NA,und,FALSE,NA,70,NA,,NA,NA,,NA,NA,NA,NA,NA,NA,NA,NA,NA,NA
2023-02-05T18:05:42Z,1622295414840983600,1622295414840983554,"â± 34â€™ | 0-0 | AL PALOOOOO SORLOTH!!!

#RealSociedadRealValladolid | #AurreraReala https://t.co/w00v29Gmno","â± 34â€™ | 0-0 | AL PALOOOOO SORLOTH!!!

#RealSociedadRealValladolid | #AurreraReala https://t.co/w00v29Gmno",FALSE,,"<a href=""https://mobile.twitter.com"" rel=""nofollow"">Twitter Web App</a>",NA,NA,NA,NA,NA,,,,NA,FALSE,4,55,FALSE,NA,FALSE,NA,ht,FALSE,NA,81,NA,,NA,NA,,NA,NA,NA,NA,NA,NA,NA,NA,NA,NA
2023-02-05T18:00:08Z,1622294016149553200,1622294016149553152,"â±30â€™ | 0-0 | Por la derecha Barrene 7âƒ£

#RealSociedadRealValladolid | #AurreraReala https://t.co/CAnP4sVGhM","â±30â€™ | 0-0 | Por la derecha Barrene 7âƒ£

#RealSociedadRealValladolid | #AurreraReala https://t.co/CAnP4sVGhM",FALSE,,"<a href=""https://mobile.twitter.com"" rel=""nofollow"">Twitter Web App</a>",NA,NA,NA,NA,NA,,,,NA,FALSE,0,19,FALSE,NA,FALSE,NA,es,FALSE,NA,83,NA,,NA,NA,,NA,NA,NA,NA,NA,NA,NA,NA,NA,NA
2023-02-05T17:55:39Z,1622292888062230500,1622292888062230529,"ğŸŸ¨ 24â€™ | 0-0 | Tarjeta amarilla para Diego Rico.

#RealSociedadRealValladolid | #AurreraReala https://t.co/WdIn9xc0U1","ğŸŸ¨ 24â€™ | 0-0 | Tarjeta amarilla para Diego Rico.

#RealSociedadRealValladolid | #AurreraReala https://t.co/WdIn9xc0U1",FALSE,,"<a href=""https://mobile.twitter.com"" rel=""nofollow"">Twitter Web App</a>",NA,NA,NA,NA,NA,,,,NA,FALSE,0,19,FALSE,NA,FALSE,NA,es,FALSE,NA,92,NA,,NA,NA,,NA,NA,NA,NA,NA,NA,NA,NA,NA,NA
2023-02-05T17:51:08Z,1622291749853855700,1622291749853855748,"â± 20â€™ | 0-0 | Creamos peligro ğŸ’¥ğŸ’¥

#RealSociedadRealValladolid | #AurreraReala https://t.co/e1MQXCeGn6","â± 20â€™ | 0-0 | Creamos peligro ğŸ’¥ğŸ’¥

#RealSociedadRealValladolid | #AurreraReala https://t.co/e1MQXCeGn6",FALSE,,"<a href=""https://mobile.twitter.com"" rel=""nofollow"">Twitter Web App</a>",NA,NA,NA,NA,NA,,,,NA,FALSE,6,70,FALSE,NA,FALSE,NA,es,FALSE,NA,77,NA,,NA,NA,,NA,NA,NA,NA,NA,NA,NA,NA,NA,NA
2023-02-05T17:42:58Z,1622289696297451500,1622289696297451522,"ğŸ† THOR @Asorloth recibe de Imanol Agirretxe el trofeo MVP de enero. Congratulations Alex!!!

#AurreraReala https://t.co/XXfAt1lzOg","ğŸ† THOR @Asorloth recibe de Imanol Agirretxe el trofeo MVP de enero. Congratulations Alex!!!

#AurreraReala https://t.co/XXfAt1lzOg",FALSE,,"<a href=""https://mobile.twitter.com"" rel=""nofollow"">Twitter Web App</a>",NA,NA,NA,NA,NA,,,,NA,FALSE,10,131,FALSE,NA,FALSE,NA,es,FALSE,NA,106,NA,,NA,NA,,NA,NA,NA,NA,NA,NA,NA,NA,NA,NA
2023-02-05T17:34:48Z,1622287638702051300,1622287638702051331,"Empieza el partido en el Reale Arena!!

#RealSociedadRealValladolid https://t.co/z5MlIEcigi","Empieza el partido en el Reale Arena!!

#RealSociedadRealValladolid https://t.co/z5MlIEcigi",FALSE,,"<a href=""http://twitter.com/download/iphone"" rel=""nofollow"">Twitter for iPhone</a>",NA,NA,NA,NA,NA,,,,NA,FALSE,6,39,FALSE,NA,FALSE,NA,es,FALSE,NA,67,NA,,NA,NA,,NA,NA,NA,NA,NA,NA,NA,NA,NA,NA
2023-02-05T17:25:00Z,1622285171553894400,1622285171553894400,"ğŸ”´ Â¡Sigue en ğ——ğ—œğ—¥ğ—˜ğ—–ğ—§ğ—¢ el partido!

#RealSociedadRealValladolid | #AurreraReala","ğŸ”´ Â¡Sigue en ğ——ğ—œğ—¥ğ—˜ğ—–ğ—§ğ—¢ el partido!

#RealSociedadRealValladolid | #AurreraReala",FALSE,,"<a href=""https://twitter.com"" rel=""nofollow"">Twitter for Advertisers</a>",NA,NA,NA,NA,NA,,,,NA,FALSE,0,10,FALSE,NA,FALSE,NA,es,NA,NA,76,NA,,NA,NA,,NA,NA,NA,NA,NA,NA,NA,NA,NA,NA
2023-02-05T17:20:06Z,1622283938579234800,1622283938579234816,"ğŸ§¤ Seguridad ğŸš« 

#RealSociedadRealValladolid | #AurreraReala https://t.co/96Xi12UyL3","ğŸ§¤ Seguridad ğŸš« 

#RealSociedadRealValladolid | #AurreraReala https://t.co/96Xi12UyL3",FALSE,,"<a href=""http://twitter.com/download/iphone"" rel=""nofollow"">Twitter for iPhone</a>",NA,NA,NA,NA,NA,,,,NA,FALSE,3,50,FALSE,NA,FALSE,NA,es,FALSE,NA,59,NA,,NA,NA,,NA,NA,NA,NA,NA,NA,NA,NA,NA,NA
2023-02-05T17:16:11Z,1622282955069554700,1622282955069554689,"ğŸ”™ Vuelta a la titularidad ğŸ¤¹â€â™‚ï¸ 

#RealSociedadRealValladolid | #AurreraReala https://t.co/YNkcXCnSZT","ğŸ”™ Vuelta a la titularidad ğŸ¤¹â€â™‚ï¸ 

#RealSociedadRealValladolid | #AurreraReala https://t.co/YNkcXCnSZT",FALSE,,"<a href=""http://twitter.com/download/iphone"" rel=""nofollow"">Twitter for iPhone</a>",NA,NA,NA,NA,NA,,,,NA,FALSE,5,54,FALSE,NA,FALSE,NA,es,FALSE,NA,76,NA,,NA,NA,,NA,NA,NA,NA,NA,NA,NA,NA,NA,NA
2023-02-05T17:12:39Z,1622282063154913300,1622282063154913280,"ğŸ‘‹ @Asorloth ğŸŒŸ 

#RealSociedadRealValladolid | #AurreraReala https://t.co/CbqOs2dEgE","ğŸ‘‹ @Asorloth ğŸŒŸ 

#RealSociedadRealValladolid | #AurreraReala https://t.co/CbqOs2dEgE",FALSE,,"<a href=""http://twitter.com/download/iphone"" rel=""nofollow"">Twitter for iPhone</a>",NA,NA,NA,NA,NA,,,,NA,FALSE,3,80,FALSE,NA,FALSE,NA,und,FALSE,NA,59,NA,,NA,NA,,NA,NA,NA,NA,NA,NA,NA,NA,NA,NA
2023-02-05T16:32:09Z,1622271874783744e3,1622271874783744001,"ğŸ“‹ Â¡La ğ—”ğ—Ÿğ—œğ—¡ğ—˜ğ—”ğ—–ğ—œğ—¢Ìğ—¡ de la Real ğŸ†š @RealValladolid!

#RealSociedadRealValladolid | #AurreraReala https://t.co/Zu9q6RunK6","ğŸ“‹ Â¡La ğ—”ğ—Ÿğ—œğ—¡ğ—˜ğ—”ğ—–ğ—œğ—¢Ìğ—¡ de la Real ğŸ†š @RealValladolid!

#RealSociedadRealValladolid | #AurreraReala https://t.co/Zu9q6RunK6",FALSE,,"<a href=""https://about.twitter.com/products/tweetdeck"" rel=""nofollow"">TweetDeck</a>",NA,NA,NA,NA,NA,,,,NA,FALSE,104,510,FALSE,NA,FALSE,NA,es,FALSE,NA,92,NA,,NA,NA,,NA,NA,NA,NA,NA,NA,NA,NA,NA,NA
2023-02-05T16:21:05Z,1622269087752638500,1622269087752638471,"ğŸ•µï¸â€â™‚ï¸ La alineaciÃ³n del rival.

#RealSociedadRealValladolid | #AurreraReala https://t.co/Yj92zjGkjP","ğŸ•µï¸â€â™‚ï¸ La alineaciÃ³n del rival.

#RealSociedadRealValladolid | #AurreraReala https://t.co/Yj92zjGkjP",FALSE,,"<a href=""http://twitter.com/download/iphone"" rel=""nofollow"">Twitter for iPhone</a>",NA,NA,NA,NA,NA,,,,NA,TRUE,3,33,FALSE,NA,FALSE,NA,es,FALSE,NA,75,NA,,1622267658342113300,1622267658342113282,,NA,NA,NA,NA,NA,NA,NA,NA,NA,NA
2023-02-05T16:16:15Z,1622267872725565400,1622267872725565441,"ğŸ‘‹ Ongi etorri @realvalladolid! ğŸ˜Š

#RealSociedadRealValladolid | #AurreraReala https://t.co/Bs7cGslWDz","ğŸ‘‹ Ongi etorri @realvalladolid! ğŸ˜Š

#RealSociedadRealValladolid | #AurreraReala https://t.co/Bs7cGslWDz",FALSE,,"<a href=""http://twitter.com/download/iphone"" rel=""nofollow"">Twitter for iPhone</a>",NA,NA,NA,NA,NA,,,,NA,FALSE,5,48,FALSE,NA,FALSE,NA,eu,FALSE,NA,77,NA,,NA,NA,,NA,NA,NA,NA,NA,NA,NA,NA,NA,NA
2023-02-05T16:11:39Z,1622266712111317e3,1622266712111316993,"ğŸ  El equipo ya estÃ¡ en el Reale Arena âœ…

#RealSociedadRealValladolid | #AurreraReala https://t.co/9YXVC5og49","ğŸ  El equipo ya estÃ¡ en el Reale Arena âœ…

#RealSociedadRealValladolid | #AurreraReala https://t.co/9YXVC5og49",FALSE,,"<a href=""http://twitter.com/download/iphone"" rel=""nofollow"">Twitter for iPhone</a>",NA,NA,NA,NA,NA,,,,NA,FALSE,19,138,FALSE,NA,FALSE,NA,es,FALSE,NA,84,NA,,NA,NA,,NA,NA,NA,NA,NA,NA,NA,NA,NA,NA
2023-02-05T15:00:01Z,1622248688356671500,1622248688356671488,"ğŸ§ Â¿CuÃ¡l serÃ¡ el resultado de hoy?

#RealSociedadRealValladolid | #AurreraReala https://t.co/COPKLNDmwu","ğŸ§ Â¿CuÃ¡l serÃ¡ el resultado de hoy?

#RealSociedadRealValladolid | #AurreraReala https://t.co/COPKLNDmwu",FALSE,,"<a href=""https://about.twitter.com/products/tweetdeck"" rel=""nofollow"">TweetDeck</a>",NA,NA,NA,NA,NA,,,,NA,FALSE,3,69,FALSE,NA,FALSE,NA,es,FALSE,NA,78,NA,,NA,NA,,NA,NA,NA,NA,NA,NA,NA,NA,NA,NA
2023-02-05T14:18:22Z,1622238206379933700,1622238206379933699,"âš½ï¸ CANTERA

DivisiÃ³n de Honor Juvenil: RS 2-2 AlavÃ©s

Liga Nacional Juvenil: Indartsu 0-0 Easo

Liga Vasca Cadete: RS 3-1 Getxo

Cadete de Honor: Trintxerpe 0-4 RS

Cadete Preferente: RS 1-0 Bergara

Infantil de Honor: Antiguoko 4-1 RS

#Zubieta | #AurreraReala https://t.co/bJ7726NFs7","âš½ï¸ CANTERA

DivisiÃ³n de Honor Juvenil: RS 2-2 AlavÃ©s

Liga Nacional Juvenil: Indartsu 0-0 Easo

Liga Vasca Cadete: RS 3-1 Getxo

Cadete de Honor: Trintxerpe 0-4 RS

Cadete Preferente: RS 1-0 Bergara

Infantil de Honor: Antiguoko 4-1 RS

#Zubieta | #AurreraReala https://t.co/bJ7726NFs7",FALSE,,"<a href=""http://twitter.com/download/iphone"" rel=""nofollow"">Twitter for iPhone</a>",NA,NA,NA,NA,NA,,,,NA,FALSE,9,47,FALSE,NA,FALSE,NA,es,FALSE,NA,261,NA,,NA,NA,,NA,NA,NA,NA,NA,NA,NA,NA,NA,NA
2023-02-05T14:00:00Z,1622233583246246e3,1622233583246245890,"ğŸ“ A mantener la regularidad. AUPA REAL!!!

#RealSociedadRealValladolid | #AurreraReala 

https://t.co/Ouf8Hr6POC","ğŸ“ A mantener la regularidad. AUPA REAL!!!

#RealSociedadRealValladolid | #AurreraReala 

https://t.co/Ouf8Hr6POC",FALSE,,"<a href=""https://about.twitter.com/products/tweetdeck"" rel=""nofollow"">TweetDeck</a>",NA,NA,NA,NA,NA,,,,NA,FALSE,2,38,FALSE,NA,FALSE,NA,es,FALSE,NA,112,NA,,NA,NA,,NA,NA,NA,NA,NA,NA,NA,NA,NA,NA
2023-02-05T13:00:00Z,1622218482841518e3,1622218482841518080,"ğŸŒ Â¡EnvÃ­anos tu ğŸ“¸ de txuri urdin y la compartiremos en nuestro FAN WALL!

https://t.co/T2A0htYLx2

#RealistasPorElMundo https://t.co/75wqEjvWDB","ğŸŒ Â¡EnvÃ­anos tu ğŸ“¸ de txuri urdin y la compartiremos en nuestro FAN WALL!

https://t.co/T2A0htYLx2

#RealistasPorElMundo https://t.co/75wqEjvWDB",FALSE,,"<a href=""https://about.twitter.com/products/tweetdeck"" rel=""nofollow"">TweetDeck</a>",NA,NA,NA,NA,NA,,,,NA,FALSE,9,60,FALSE,NA,FALSE,NA,es,FALSE,NA,118,NA,,NA,NA,,NA,NA,NA,NA,NA,NA,NA,NA,NA,NA
2023-02-05T12:51:14Z,1622216275324768300,1622216275324768258,"ğŸ”š Final del partido: @CanteraUDLog 0-1 Real C

ğŸ’ª Nuestro segundo filial consigue tres puntos fuera de casa para seguir sumando y escalando hacia los puestos de play-off. AUPA REAL! ğŸ’™ğŸ’™ğŸ’™ 

#Zubieta | #AurreraReala","ğŸ”š Final del partido: @CanteraUDLog 0-1 Real C

ğŸ’ª Nuestro segundo filial consigue tres puntos fuera de casa para seguir sumando y escalando hacia los puestos de play-off. AUPA REAL! ğŸ’™ğŸ’™ğŸ’™ 

#Zubieta | #AurreraReala",FALSE,,"<a href=""https://mobile.twitter.com"" rel=""nofollow"">Twitter Web App</a>",NA,NA,NA,NA,NA,,,,NA,FALSE,5,41,FALSE,NA,FALSE,NA,es,NA,NA,211,NA,,NA,NA,,NA,NA,NA,NA,NA,NA,NA,NA,NA,NA
2023-02-05T12:00:02Z,1622203391123267600,1622203391123267585,"âš½ï¸ #RealSociedadRealValladolid (18:30)
ğŸ“² Si no puedes venir, cede tu carnet
â„¹ Tienda y taquilla (16:30-18:30) 
ğŸ‘¨â€ğŸ‘©â€ğŸ‘§â€ğŸ‘¦ Pre-partido en Keler Espazioa (15:30)
ğŸŸ Apertura de puertas y ğŸ¥¤ğŸ¥ª Servicio en bares (17:30) 
ğŸš² Parking (15:30)

#AurreraReala 

https://t.co/CR4tmgRge0","âš½ï¸ #RealSociedadRealValladolid (18:30)
ğŸ“² Si no puedes venir, cede tu carnet
â„¹ Tienda y taquilla (16:30-18:30) 
ğŸ‘¨â€ğŸ‘©â€ğŸ‘§â€ğŸ‘¦ Pre-partido en Keler Espazioa (15:30)
ğŸŸ Apertura de puertas y ğŸ¥¤ğŸ¥ª Servicio en bares (17:30) 
ğŸš² Parking (15:30)

#AurreraReala 

https://t.co/CR4tmgRge0",FALSE,,"<a href=""https://about.twitter.com/products/tweetdeck"" rel=""nofollow"">TweetDeck</a>",NA,NA,NA,NA,NA,,,,NA,FALSE,2,32,FALSE,NA,FALSE,NA,es,FALSE,NA,269,NA,,NA,NA,,NA,NA,NA,NA,NA,NA,NA,NA,NA,NA
2023-02-05T11:25:00Z,1622194574709129200,1622194574709129218,"ğŸ¥ğŸ”´ Â¡Sigue en ğ——ğ—œğ—¥ğ—˜ğ—–ğ—§ğ—¢ el #RealSociedad - @Alaves!

âš½ DivisiÃ³n de Honor Juvenil

#Zubieta | #AurreraReala","ğŸ¥ğŸ”´ Â¡Sigue en ğ——ğ—œğ—¥ğ—˜ğ—–ğ—§ğ—¢ el #RealSociedad - @Alaves!

âš½ DivisiÃ³n de Honor Juvenil

#Zubieta | #AurreraReala",FALSE,,"<a href=""https://twitter.com"" rel=""nofollow"">Twitter for Advertisers</a>",NA,NA,NA,NA,NA,,,,NA,FALSE,3,22,FALSE,NA,FALSE,NA,es,NA,NA,103,NA,,NA,NA,,NA,NA,NA,NA,NA,NA,NA,NA,NA,NA
2023-02-05T11:00:02Z,1622188291989684200,1622188291989684224,"ğŸ§ Â¿CuÃ¡l serÃ¡ el once de Imanol ante el Real Valladolid?

ğŸ“² Â¡Descubre â€˜ConexiÃ³n con el Onceâ€™! @Finetwork

ğŸ‘• Sorteamos una camiseta oficial entre todos los acertantes.

#AurreraReala","ğŸ§ Â¿CuÃ¡l serÃ¡ el once de Imanol ante el Real Valladolid?

ğŸ“² Â¡Descubre â€˜ConexiÃ³n con el Onceâ€™! @Finetwork

ğŸ‘• Sorteamos una camiseta oficial entre todos los acertantes.

#AurreraReala",FALSE,,"<a href=""https://twitter.com"" rel=""nofollow"">Twitter for Advertisers</a>",NA,NA,NA,NA,NA,,,,NA,FALSE,1,15,FALSE,NA,FALSE,NA,es,NA,NA,180,NA,,NA,NA,,NA,NA,NA,NA,NA,NA,NA,NA,NA,NA
2023-02-05T10:19:33Z,1622178103136030700,1622178103136030722,"ğŸ“ Â¡La ğ—”ğ—Ÿğ—œğ—¡ğ—˜ğ—”ğ—–ğ—œğ—¢Ìğ—¡ de la Real C ğŸ†š @CanteraUDLog!

#Zubieta | #AurreraReala https://t.co/XIWaxcEtZo","ğŸ“ Â¡La ğ—”ğ—Ÿğ—œğ—¡ğ—˜ğ—”ğ—–ğ—œğ—¢Ìğ—¡ de la Real C ğŸ†š @CanteraUDLog!

#Zubieta | #AurreraReala https://t.co/XIWaxcEtZo",FALSE,,"<a href=""https://mobile.twitter.com"" rel=""nofollow"">Twitter Web App</a>",NA,NA,NA,NA,NA,,,,NA,FALSE,6,51,FALSE,NA,FALSE,NA,es,FALSE,NA,73,NA,,NA,NA,,NA,NA,NA,NA,NA,NA,NA,NA,NA,NA
2023-02-05T10:00:00Z,1622173185138622500,1622173185138622466,"Canta, apoya y anima.
Respeto y tolerancia en el Reale Arena.

#AurreraReala https://t.co/xLPiT1MNwP","Canta, apoya y anima.
Respeto y tolerancia en el Reale Arena.

#AurreraReala https://t.co/xLPiT1MNwP",FALSE,,"<a href=""https://about.twitter.com/products/tweetdeck"" rel=""nofollow"">TweetDeck</a>",NA,NA,NA,NA,NA,,,,NA,FALSE,7,64,FALSE,NA,FALSE,NA,es,FALSE,NA,76,NA,,NA,NA,,NA,NA,NA,NA,NA,NA,NA,NA,NA,NA
2023-02-05T09:25:00Z,162216437576627e4,1622164375766269954,"ğŸ¥ğŸ”´ Â¡Sigue en ğ——ğ—œğ—¥ğ—˜ğ—–ğ—§ğ—¢ el #RealSociedad - @cdGetxoOficial!

âš½ Liga Vasca Cadete

#Zubieta | #AurreraReala","ğŸ¥ğŸ”´ Â¡Sigue en ğ——ğ—œğ—¥ğ—˜ğ—–ğ—§ğ—¢ el #RealSociedad - @cdGetxoOficial!

âš½ Liga Vasca Cadete

#Zubieta | #AurreraReala",FALSE,,"<a href=""https://twitter.com"" rel=""nofollow"">Twitter for Advertisers</a>",NA,NA,NA,NA,NA,,,,NA,FALSE,0,20,FALSE,NA,FALSE,NA,es,NA,NA,103,NA,,NA,NA,,NA,NA,NA,NA,NA,NA,NA,NA,NA,NA
2023-02-05T09:00:00Z,1622158085543571500,1622158085543571461,"ğŸ”¥ Â¡DÃA DE PARTIDO!    
ğŸ†š @RealValladolid    
ğŸŸ Reale Arena    
â° 18:30    
ğŸ† @LaLiga   
#âƒ£ #RealSociedadRealValladolid https://t.co/nObY9UuvGS","ğŸ”¥ Â¡DÃA DE PARTIDO!    
ğŸ†š @RealValladolid    
ğŸŸ Reale Arena    
â° 18:30    
ğŸ† @LaLiga   
#âƒ£ #RealSociedadRealValladolid https://t.co/nObY9UuvGS",FALSE,,"<a href=""https://studio.twitter.com"" rel=""nofollow"">Twitter Media Studio</a>",NA,NA,NA,NA,NA,,,,NA,FALSE,26,205,FALSE,NA,FALSE,NA,es,FALSE,NA,118,NA,,NA,NA,,NA,NA,NA,NA,NA,NA,NA,NA,NA,NA
2023-02-05T02:00:00Z,1622052390592712700,1622052390592712704,"ğŸ‘ La previa del #RealSociedadRealValladolid 

#AurreraReala https://t.co/SMpRvA8wh2","ğŸ‘ La previa del #RealSociedadRealValladolid 

#AurreraReala https://t.co/SMpRvA8wh2",FALSE,,"<a href=""https://studio.twitter.com"" rel=""nofollow"">Twitter Media Studio</a>",NA,NA,NA,NA,NA,,,,NA,FALSE,2,37,FALSE,NA,FALSE,NA,es,FALSE,NA,59,NA,,NA,NA,,NA,NA,NA,NA,NA,NA,NA,NA,NA,NA
2023-02-04T21:14:11Z,1621980459876892700,1621980459876892674,"ğŸ¥ HIGHLIGHTS: @realmurciacfsad 1-1 Sanse

#Zubieta | #AurreraReala https://t.co/cLDh7n9qz6","ğŸ¥ HIGHLIGHTS: @realmurciacfsad 1-1 Sanse

#Zubieta | #AurreraReala https://t.co/cLDh7n9qz6",FALSE,,"<a href=""https://studio.twitter.com"" rel=""nofollow"">Twitter Media Studio</a>",NA,NA,NA,NA,NA,,,,NA,FALSE,6,55,FALSE,NA,FALSE,NA,en,FALSE,NA,66,NA,,NA,NA,,NA,NA,NA,NA,NA,NA,NA,NA,NA,NA
2023-02-04T21:00:00Z,1621976893355446300,1621976893355446276,"ğŸ”™ Nuestra Ãºltima victoria ğŸ†š Real Valladolid 

#RealSociedadRealValladolid | #AurreraReala https://t.co/zJL3wYtZFe","ğŸ”™ Nuestra Ãºltima victoria ğŸ†š Real Valladolid 

#RealSociedadRealValladolid | #AurreraReala https://t.co/zJL3wYtZFe",FALSE,,"<a href=""https://studio.twitter.com"" rel=""nofollow"">Twitter Media Studio</a>",NA,NA,NA,NA,NA,,,,NA,FALSE,3,37,FALSE,NA,FALSE,NA,es,FALSE,NA,89,NA,,NA,NA,,NA,NA,NA,NA,NA,NA,NA,NA,NA,NA
2023-02-04T19:59:39Z,1621961705684099e3,1621961705684099073,"ğŸ”š Final del partido: @realmurciacfsad 1-1 Sanse

â• Los potrillos suman otro punto mÃ¡s fuera de casa para seguir con su buena dinÃ¡mica ğŸ’ª

#Zubieta | #AurreraReala https://t.co/kDZxTQtqve","ğŸ”š Final del partido: @realmurciacfsad 1-1 Sanse

â• Los potrillos suman otro punto mÃ¡s fuera de casa para seguir con su buena dinÃ¡mica ğŸ’ª

#Zubieta | #AurreraReala https://t.co/kDZxTQtqve",FALSE,,"<a href=""https://mobile.twitter.com"" rel=""nofollow"">Twitter Web App</a>",NA,NA,NA,NA,NA,,,,NA,FALSE,6,74,FALSE,NA,FALSE,NA,es,FALSE,NA,161,NA,,NA,NA,,NA,NA,NA,NA,NA,NA,NA,NA,NA,NA
2023-02-04T19:55:58Z,1621960775312068600,1621960775312068608,"âš½ 94â€™ | 1-1 | GOOOOOOOOL DEL SANSEEEEEEEEEE!!!

âš½ GOOOOOOOOOOOL DE CANTEROOOOOOOOOOO!!!

#Zubieta | #AurreraReala","âš½ 94â€™ | 1-1 | GOOOOOOOOL DEL SANSEEEEEEEEEE!!!

âš½ GOOOOOOOOOOOL DE CANTEROOOOOOOOOOO!!!

#Zubieta | #AurreraReala",FALSE,,"<a href=""https://mobile.twitter.com"" rel=""nofollow"">Twitter Web App</a>",NA,NA,NA,NA,NA,,,,NA,FALSE,12,157,FALSE,NA,FALSE,NA,es,NA,NA,113,NA,,NA,NA,,NA,NA,NA,NA,NA,NA,NA,NA,NA,NA
2023-02-04T19:34:23Z,1621955347358294e3,1621955347358294016,"ğŸ“¸ 74â€™ | 1-0 | Aprieta nuestro filial en busca del empate. Ãšltimos veinte minutos. Jarraitu, Sanse!

#Zubieta | #AurreraReala https://t.co/Bbw6UCqVHV","ğŸ“¸ 74â€™ | 1-0 | Aprieta nuestro filial en busca del empate. Ãšltimos veinte minutos. Jarraitu, Sanse!

#Zubieta | #AurreraReala https://t.co/Bbw6UCqVHV",FALSE,,"<a href=""https://mobile.twitter.com"" rel=""nofollow"">Twitter Web App</a>",NA,NA,NA,NA,NA,,,,NA,FALSE,2,19,FALSE,NA,FALSE,NA,es,FALSE,NA,124,NA,,NA,NA,,NA,NA,NA,NA,NA,NA,NA,NA,NA,NA
2023-02-04T19:24:01Z,1621952737402290200,1621952737402290181,"â± 61â€™ | 1-0 | Â¡Â¡UYYYYYYYYYYYYYYYY!! ParadÃ³n de Joao Costa para evitar el gol de Dadie de cabeza. La mÃ¡s clara de los potrillos.

#Zubieta | #AurreraReala","â± 61â€™ | 1-0 | Â¡Â¡UYYYYYYYYYYYYYYYY!! ParadÃ³n de Joao Costa para evitar el gol de Dadie de cabeza. La mÃ¡s clara de los potrillos.

#Zubieta | #AurreraReala",FALSE,,"<a href=""https://mobile.twitter.com"" rel=""nofollow"">Twitter Web App</a>",NA,NA,NA,NA,NA,,,,NA,FALSE,4,32,FALSE,NA,FALSE,NA,es,NA,NA,153,NA,,NA,NA,,NA,NA,NA,NA,NA,NA,NA,NA,NA,NA
2023-02-04T19:14:56Z,1621950449552162800,1621950449552162816,"âš½ 53â€™ | 1-0 | Gol del @realmurciacfsad. Marca Toril.

#Zubieta | #AurreraReala","âš½ 53â€™ | 1-0 | Gol del @realmurciacfsad. Marca Toril.

#Zubieta | #AurreraReala",FALSE,,"<a href=""https://mobile.twitter.com"" rel=""nofollow"">Twitter Web App</a>",NA,NA,NA,NA,NA,,,,NA,FALSE,1,13,FALSE,NA,FALSE,NA,es,NA,NA,78,NA,,NA,NA,,NA,NA,NA,NA,NA,NA,NA,NA,NA,NA
2023-02-04T19:06:05Z,1621948222854815700,1621948222854815744,"ğŸ”› | 0-0 | Â¡Arranca la segunda mitad! Goazen Sanse!

#Zubieta | #AurreraReala https://t.co/Ayw9fnB0u3","ğŸ”› | 0-0 | Â¡Arranca la segunda mitad! Goazen Sanse!

#Zubieta | #AurreraReala https://t.co/Ayw9fnB0u3",FALSE,,"<a href=""https://mobile.twitter.com"" rel=""nofollow"">Twitter Web App</a>",NA,NA,NA,NA,NA,,,,NA,FALSE,2,12,FALSE,NA,FALSE,NA,eu,FALSE,NA,76,NA,,NA,NA,,NA,NA,NA,NA,NA,NA,NA,NA,NA,NA
2023-02-04T18:50:14Z,1621944234113654800,1621944234113654786,"â¸ Descanso en el Enrique Roca: @realmurciacfsad 0-0 Sanse

#Zubieta | #AurreraReala https://t.co/GOrMzTkrOq","â¸ Descanso en el Enrique Roca: @realmurciacfsad 0-0 Sanse

#Zubieta | #AurreraReala https://t.co/GOrMzTkrOq",FALSE,,"<a href=""https://mobile.twitter.com"" rel=""nofollow"">Twitter Web App</a>",NA,NA,NA,NA,NA,,,,NA,FALSE,4,16,FALSE,NA,FALSE,NA,es,FALSE,NA,83,NA,,NA,NA,,NA,NA,NA,NA,NA,NA,NA,NA,NA,NA
2023-02-04T18:41:45Z,1621942101981233200,1621942101981233161,"ğŸ“¸ 38â€™ | 0-0 | Tramo final del primer tiempo. Sin ocasiones claras de momento.

#Zubieta | #AurreraReala https://t.co/2RNZaKkDWj","ğŸ“¸ 38â€™ | 0-0 | Tramo final del primer tiempo. Sin ocasiones claras de momento.

#Zubieta | #AurreraReala https://t.co/2RNZaKkDWj",FALSE,,"<a href=""https://mobile.twitter.com"" rel=""nofollow"">Twitter Web App</a>",NA,NA,NA,NA,NA,,,,NA,FALSE,1,13,FALSE,NA,FALSE,NA,es,FALSE,NA,103,NA,,NA,NA,,NA,NA,NA,NA,NA,NA,NA,NA,NA,NA
2023-02-04T18:28:35Z,1621938787499626500,1621938787499626499,"â± 25â€™ | 0-0 | Muy bien el Sanse en estos primeros minutos, llevando la iniciativa y buscando el primer gol.

#Zubieta | #AurreraReala","â± 25â€™ | 0-0 | Muy bien el Sanse en estos primeros minutos, llevando la iniciativa y buscando el primer gol.

#Zubieta | #AurreraReala",FALSE,,"<a href=""https://mobile.twitter.com"" rel=""nofollow"">Twitter Web App</a>",NA,NA,NA,NA,NA,,,,NA,FALSE,2,17,FALSE,NA,FALSE,NA,es,NA,NA,133,NA,,NA,NA,,NA,NA,NA,NA,NA,NA,NA,NA,NA,NA
2023-02-04T18:02:54Z,1621932323863158800,1621932323863158787,"âš” | 0-0 | Â¡Empieza el partido en el Enrique Roca! AUPA SANSE!!! ğŸ’™ğŸ’™

#Zubieta | #AurreraReala https://t.co/o9f97SMFfy","âš” | 0-0 | Â¡Empieza el partido en el Enrique Roca! AUPA SANSE!!! ğŸ’™ğŸ’™

#Zubieta | #AurreraReala https://t.co/o9f97SMFfy",FALSE,,"<a href=""https://mobile.twitter.com"" rel=""nofollow"">Twitter Web App</a>",NA,NA,NA,NA,NA,,,,NA,FALSE,1,26,FALSE,NA,FALSE,NA,es,FALSE,NA,92,NA,,NA,NA,,NA,NA,NA,NA,NA,NA,NA,NA,NA,NA
2023-02-04T17:21:18Z,1621921855702540300,1621921855702540289,"ğŸ•µï¸â€â™‚ï¸ La alineaciÃ³n del rival.

#Zubieta | #AurreraReala https://t.co/ATkQB61o5m","ğŸ•µï¸â€â™‚ï¸ La alineaciÃ³n del rival.

#Zubieta | #AurreraReala https://t.co/ATkQB61o5m",FALSE,,"<a href=""https://mobile.twitter.com"" rel=""nofollow"">Twitter Web App</a>",NA,NA,NA,NA,NA,,,,NA,TRUE,1,17,FALSE,NA,FALSE,NA,es,FALSE,NA,56,NA,,1621917547493834800,1621917547493834756,,NA,NA,NA,NA,NA,NA,NA,NA,NA,NA
2023-02-04T17:12:18Z,1621919588240818200,1621919588240818176,"ğŸ“ Â¡La ğ—”ğ—Ÿğ—œğ—¡ğ—˜ğ—”ğ—–ğ—œğ—¢Ìğ—¡ del Sanse ğŸ†š @realmurciacfsad!

#Zubieta | #AurreraReala https://t.co/yqjaqo4yTo","ğŸ“ Â¡La ğ—”ğ—Ÿğ—œğ—¡ğ—˜ğ—”ğ—–ğ—œğ—¢Ìğ—¡ del Sanse ğŸ†š @realmurciacfsad!

#Zubieta | #AurreraReala https://t.co/yqjaqo4yTo",FALSE,,"<a href=""https://mobile.twitter.com"" rel=""nofollow"">Twitter Web App</a>",NA,NA,NA,NA,NA,,,,NA,FALSE,7,52,FALSE,NA,FALSE,NA,es,FALSE,NA,73,NA,,NA,NA,,NA,NA,NA,NA,NA,NA,NA,NA,NA,NA
2023-02-04T17:00:01Z,1621916496204304400,1621916496204304389,"ğŸ“£ MaÃ±ana es el Ãºltimo dÃ­a para completar el Kahoot y participar en el sorteo de entradas. Â¿Jugamos?

#RealSociedadRealValladolid | #AurreraReala 

https://t.co/mbhOB3bY2S","ğŸ“£ MaÃ±ana es el Ãºltimo dÃ­a para completar el Kahoot y participar en el sorteo de entradas. Â¿Jugamos?

#RealSociedadRealValladolid | #AurreraReala 

https://t.co/mbhOB3bY2S",FALSE,,"<a href=""https://about.twitter.com/products/tweetdeck"" rel=""nofollow"">TweetDeck</a>",NA,NA,NA,NA,NA,,,,NA,FALSE,0,18,FALSE,NA,FALSE,NA,es,FALSE,NA,170,NA,,NA,NA,,NA,NA,NA,NA,NA,NA,NA,NA,NA,NA
2023-02-04T16:00:00Z,162190139478025e4,1621901394780250113,"ğŸ“Š Los datos del partido de maÃ±ana

#RealSociedadRealValladolid | #AurreraReala https://t.co/hEsS72gUXT","ğŸ“Š Los datos del partido de maÃ±ana

#RealSociedadRealValladolid | #AurreraReala https://t.co/hEsS72gUXT",FALSE,,"<a href=""https://about.twitter.com/products/tweetdeck"" rel=""nofollow"">TweetDeck</a>",NA,NA,NA,NA,NA,,,,NA,FALSE,6,135,FALSE,NA,FALSE,NA,es,FALSE,NA,78,NA,,NA,NA,,NA,NA,NA,NA,NA,NA,NA,NA,NA,NA
2023-02-04T15:00:02Z,1621886301112008700,1621886301112008709,"ğŸ§ Â¿CuÃ¡l serÃ¡ el once de Imanol ante el Real Valladolid?

ğŸ“² Â¡Descubre â€˜ConexiÃ³n con el Onceâ€™! @Finetwork

ğŸ‘• Sorteamos una camiseta oficial entre todos los acertantes.

#AurreraReala","ğŸ§ Â¿CuÃ¡l serÃ¡ el once de Imanol ante el Real Valladolid?

ğŸ“² Â¡Descubre â€˜ConexiÃ³n con el Onceâ€™! @Finetwork

ğŸ‘• Sorteamos una camiseta oficial entre todos los acertantes.

#AurreraReala",FALSE,,"<a href=""https://twitter.com"" rel=""nofollow"">Twitter for Advertisers</a>",NA,NA,NA,NA,NA,,,,NA,FALSE,0,23,FALSE,NA,FALSE,NA,es,NA,NA,180,NA,,NA,NA,,NA,NA,NA,NA,NA,NA,NA,NA,NA,NA
2023-02-04T13:58:46Z,1621870884217622500,1621870884217622529,"â„¹ï¸ @MohamedAliCho1 no estarÃ¡ disponible para el partido de maÃ±ana por una torsiÃ³n en el tobillo derecho.

#AurreraReala https://t.co/IgOFbzV0VW","â„¹ï¸ @MohamedAliCho1 no estarÃ¡ disponible para el partido de maÃ±ana por una torsiÃ³n en el tobillo derecho.

#AurreraReala https://t.co/IgOFbzV0VW",FALSE,,"<a href=""https://mobile.twitter.com"" rel=""nofollow"">Twitter Web App</a>",NA,NA,NA,NA,NA,,,,NA,FALSE,22,176,FALSE,NA,FALSE,NA,es,FALSE,NA,119,NA,,NA,NA,,NA,NA,NA,NA,NA,NA,NA,NA,NA,NA
2023-02-04T13:51:09Z,1621868967139676200,1621868967139676163,"ğŸ“‹ La convocatoria para el partido de maÃ±ana. AUPA REAL!!!

#RealSociedadRealValladolid | #AurreraReala https://t.co/olPOT5xA7H","ğŸ“‹ La convocatoria para el partido de maÃ±ana. AUPA REAL!!!

#RealSociedadRealValladolid | #AurreraReala https://t.co/olPOT5xA7H",FALSE,,"<a href=""https://mobile.twitter.com"" rel=""nofollow"">Twitter Web App</a>",NA,NA,NA,NA,NA,,,,NA,FALSE,44,291,FALSE,NA,FALSE,NA,es,FALSE,NA,102,NA,,NA,NA,,NA,NA,NA,NA,NA,NA,NA,NA,NA,NA
2023-02-04T13:00:01Z,1621856100399079400,1621856100399079425,"ğŸ‡«ğŸ‡· ğ•†â„ ğ•ƒğ”¸Ì€ ğ•ƒğ”¸Ì€ @AntoGriezmann! ğŸ‡«ğŸ‡·

#RealSociedadRealValladolid | #AurreraReala https://t.co/u7QRjBlLT2","ğŸ‡«ğŸ‡· ğ•†â„ ğ•ƒğ”¸Ì€ ğ•ƒğ”¸Ì€ @AntoGriezmann! ğŸ‡«ğŸ‡·

#RealSociedadRealValladolid | #AurreraReala https://t.co/u7QRjBlLT2",FALSE,,"<a href=""https://studio.twitter.com"" rel=""nofollow"">Twitter Media Studio</a>",NA,NA,NA,NA,NA,,,,NA,FALSE,11,148,FALSE,NA,FALSE,NA,fr,FALSE,NA,77,NA,,NA,NA,,NA,NA,NA,NA,NA,NA,NA,NA,NA,NA
2023-02-04T11:00:01Z,1621825900391141400,1621825900391141381,"ğŸ”¥ Â¡DÃA DE PARTIDO PARA EL SANSE!
ğŸ†š @realmurciacfsad
 ğŸŸ Enrique Roca
â° 19:00
ğŸ¥ @inSportsTV_ESP
ğŸ† @Primera_RFEF

 #Zubieta | #AurreraReala https://t.co/UobykIheTe","ğŸ”¥ Â¡DÃA DE PARTIDO PARA EL SANSE!
ğŸ†š @realmurciacfsad
 ğŸŸ Enrique Roca
â° 19:00
ğŸ¥ @inSportsTV_ESP
ğŸ† @Primera_RFEF

 #Zubieta | #AurreraReala https://t.co/UobykIheTe",FALSE,,"<a href=""https://mobile.twitter.com"" rel=""nofollow"">Twitter Web App</a>",NA,NA,NA,NA,NA,,,,NA,FALSE,10,74,FALSE,NA,FALSE,NA,es,FALSE,NA,136,NA,,NA,NA,,NA,NA,NA,NA,NA,NA,NA,NA,NA,NA
2023-02-04T10:25:00Z,1621817087403638800,1621817087403638784,"ğŸ¥ğŸ”´ Â¡Sigue en ğ——ğ—œğ—¥ğ—˜ğ—–ğ—§ğ—¢ el #RealSociedad - @BergaraKE 'B'!

âš½ Cadete Preferente

#Zubieta | #AurreraReala","ğŸ¥ğŸ”´ Â¡Sigue en ğ——ğ—œğ—¥ğ—˜ğ—–ğ—§ğ—¢ el #RealSociedad - @BergaraKE 'B'!

âš½ Cadete Preferente

#Zubieta | #AurreraReala",FALSE,,"<a href=""https://twitter.com"" rel=""nofollow"">Twitter for Advertisers</a>",NA,NA,NA,NA,NA,,,,NA,FALSE,4,25,FALSE,NA,FALSE,NA,es,NA,NA,102,NA,,NA,NA,,NA,NA,NA,NA,NA,NA,NA,NA,NA,NA
2023-02-04T09:00:00Z,1621795698428575700,1621795698428575744,"ğŸ’™ Juntos ganaremos el partido mÃ¡s importante ğŸ’œ

#WorldCancerDay | #RealSociedadRealValladolid | #AurreraReala https://t.co/6nhRCUflVc","ğŸ’™ Juntos ganaremos el partido mÃ¡s importante ğŸ’œ

#WorldCancerDay | #RealSociedadRealValladolid | #AurreraReala https://t.co/6nhRCUflVc",FALSE,,"<a href=""https://about.twitter.com/products/tweetdeck"" rel=""nofollow"">TweetDeck</a>",NA,NA,NA,NA,NA,,,,NA,FALSE,45,362,FALSE,NA,FALSE,NA,es,FALSE,NA,109,NA,,NA,NA,,NA,NA,NA,NA,NA,NA,NA,NA,NA,NA
2023-02-03T21:00:00Z,1621614502306537500,1621614502306537472,"ğŸ‡²ğŸ‡½ @11carlosV ğŸ”

#RealSociedadRealValladolid | #AurreraReala https://t.co/kiqZYWbN4u","ğŸ‡²ğŸ‡½ @11carlosV ğŸ”

#RealSociedadRealValladolid | #AurreraReala https://t.co/kiqZYWbN4u",FALSE,,"<a href=""https://studio.twitter.com"" rel=""nofollow"">Twitter Media Studio</a>",NA,NA,NA,NA,NA,,,,NA,FALSE,12,142,FALSE,NA,FALSE,NA,und,FALSE,NA,60,NA,,NA,NA,,NA,NA,NA,NA,NA,NA,NA,NA,NA,NA
2023-02-03T19:00:01Z,1621584309395275800,1621584309395275778,"ğŸ¥³ Â¡A punto de llegar a los 1.500 RS Fans!

ğŸ Â¡Ãšnete a la familia y descubre las ventajas y la promociÃ³n con sabor a Europa!

#AurreraReala

https://t.co/2pQrzty33y","ğŸ¥³ Â¡A punto de llegar a los 1.500 RS Fans!

ğŸ Â¡Ãšnete a la familia y descubre las ventajas y la promociÃ³n con sabor a Europa!

#AurreraReala

https://t.co/2pQrzty33y",FALSE,,"<a href=""https://about.twitter.com/products/tweetdeck"" rel=""nofollow"">TweetDeck</a>",NA,NA,NA,NA,NA,,,,NA,FALSE,1,28,FALSE,NA,FALSE,NA,es,FALSE,NA,163,NA,,NA,NA,,NA,NA,NA,NA,NA,NA,NA,NA,NA,NA
2023-02-03T18:00:00Z,1621569204238549e3,1621569204238548997,"âš½ Partidos del fin de semana

#Zubieta | #AurreraReala https://t.co/8VAUGHAl0O","âš½ Partidos del fin de semana

#Zubieta | #AurreraReala https://t.co/8VAUGHAl0O",FALSE,,"<a href=""https://about.twitter.com/products/tweetdeck"" rel=""nofollow"">TweetDeck</a>",NA,NA,NA,NA,NA,,,,NA,FALSE,5,31,FALSE,NA,FALSE,NA,es,FALSE,NA,54,NA,,NA,NA,,NA,NA,NA,NA,NA,NA,NA,NA,NA,NA
2023-02-03T16:00:02Z,1621539015899095e3,1621539015899095044,"GğŸŒŸğŸŒŸğŸŒŸğŸŒŸğŸŒŸLAZO

#RealSociedadRealValladolid | #AurreraReala https://t.co/m5ObJ94Z6P","GğŸŒŸğŸŒŸğŸŒŸğŸŒŸğŸŒŸLAZO

#RealSociedadRealValladolid | #AurreraReala https://t.co/m5ObJ94Z6P",FALSE,,"<a href=""https://studio.twitter.com"" rel=""nofollow"">Twitter Media Studio</a>",NA,NA,NA,NA,NA,,,,NA,FALSE,15,173,FALSE,NA,FALSE,NA,es,FALSE,NA,55,NA,,NA,NA,,NA,NA,NA,NA,NA,NA,NA,NA,NA,NA
2023-02-03T15:00:01Z,1621523912419950600,1621523912419950592,"ğŸŒŸ @ASorloth, MVP de enero. Zorionak Thor!

#BMRealarenSupermerkatua | #AurreraReala https://t.co/HxIwxsxgM8","ğŸŒŸ @ASorloth, MVP de enero. Zorionak Thor!

#BMRealarenSupermerkatua | #AurreraReala https://t.co/HxIwxsxgM8",FALSE,,"<a href=""https://about.twitter.com/products/tweetdeck"" rel=""nofollow"">TweetDeck</a>",NA,NA,NA,NA,NA,,,,NA,FALSE,6,207,FALSE,NA,FALSE,NA,ro,FALSE,NA,83,NA,,NA,NA,,NA,NA,NA,NA,NA,NA,NA,NA,NA,NA
2023-02-03T14:00:03Z,1621508820601307100,1621508820601307140,"ğŸ  Â¡Preparados para volver a casa!

#RealSociedadRealValladolid | #AurreraReala https://t.co/3XlLVMsRLj","ğŸ  Â¡Preparados para volver a casa!

#RealSociedadRealValladolid | #AurreraReala https://t.co/3XlLVMsRLj",FALSE,,"<a href=""https://studio.twitter.com"" rel=""nofollow"">Twitter Media Studio</a>",NA,NA,NA,NA,NA,,,,NA,FALSE,7,92,FALSE,NA,FALSE,NA,es,FALSE,NA,78,NA,,NA,NA,,NA,NA,NA,NA,NA,NA,NA,NA,NA,NA
2023-02-03T13:32:38Z,1.6215019211557601e+18,1621501921155760129,"ğŸ§ AquÃ­ tienes la informaciÃ³n Ãºtil para el domingo.

ğŸ” Keler Espazioa, tienda, horarios, taquilla, parking...

#RealSociedadRealValladolid | #AurreraReala 

https://t.co/CR4tmgRO3y","ğŸ§ AquÃ­ tienes la informaciÃ³n Ãºtil para el domingo.

ğŸ” Keler Espazioa, tienda, horarios, taquilla, parking...

#RealSociedadRealValladolid | #AurreraReala 

https://t.co/CR4tmgRO3y",FALSE,,"<a href=""https://about.twitter.com/products/tweetdeck"" rel=""nofollow"">TweetDeck</a>",NA,NA,NA,NA,NA,,,,NA,FALSE,1,32,FALSE,NA,FALSE,NA,es,FALSE,NA,179,NA,,NA,NA,,NA,NA,NA,NA,NA,NA,NA,NA,NA,NA
2023-02-03T12:53:59Z,1621492193155235800,1621492193155235841,"""ğ— ğ˜‚ğ—°ğ—µğ—¼ ğ—½ğ—¼ğ—¿ ğ—±ğ—²ğ—¹ğ—®ğ—»ğ˜ğ—²"".

#RealSociedadRealValladolid | #AurreraReala","""ğ— ğ˜‚ğ—°ğ—µğ—¼ ğ—½ğ—¼ğ—¿ ğ—±ğ—²ğ—¹ğ—®ğ—»ğ˜ğ—²"".

#RealSociedadRealValladolid | #AurreraReala",FALSE,,"<a href=""https://twitter.com"" rel=""nofollow"">Twitter for Advertisers</a>",NA,NA,NA,NA,NA,,,,NA,FALSE,4,48,FALSE,NA,FALSE,NA,es,NA,NA,65,NA,,NA,NA,,NA,NA,NA,NA,NA,NA,NA,NA,NA,NA
2023-02-03T12:45:34Z,1621490075082133500,1621490075082133505,"ğŸ†™ Preparados para todo. 

#RealSociedadRealValladolid | #AurreraReala https://t.co/60OTG0v3vr","ğŸ†™ Preparados para todo. 

#RealSociedadRealValladolid | #AurreraReala https://t.co/60OTG0v3vr",FALSE,,"<a href=""https://mobile.twitter.com"" rel=""nofollow"">Twitter Web App</a>",NA,NA,NA,NA,NA,,,,NA,FALSE,3,81,FALSE,NA,FALSE,NA,es,FALSE,NA,69,NA,,NA,NA,,NA,NA,NA,NA,NA,NA,NA,NA,NA,NA
2023-02-03T12:39:11Z,1621488469825437700,1621488469825437701,"ğŸ‘ Real Valladolid.

#RealSociedadRealValladolid | #AurreraReala https://t.co/LOZVUXrDkz","ğŸ‘ Real Valladolid.

#RealSociedadRealValladolid | #AurreraReala https://t.co/LOZVUXrDkz",FALSE,,"<a href=""https://mobile.twitter.com"" rel=""nofollow"">Twitter Web App</a>",NA,NA,NA,NA,NA,,,,NA,FALSE,5,68,FALSE,NA,FALSE,NA,es,FALSE,NA,63,NA,,NA,NA,,NA,NA,NA,NA,NA,NA,NA,NA,NA,NA
2023-02-03T12:34:49Z,1621487368590229500,1621487368590229504,"â³ Arranca la segunda vuelta.

#RealSociedadRealValladolid | #AurreraReala https://t.co/6y6w7ytsvn","â³ Arranca la segunda vuelta.

#RealSociedadRealValladolid | #AurreraReala https://t.co/6y6w7ytsvn",FALSE,,"<a href=""https://mobile.twitter.com"" rel=""nofollow"">Twitter Web App</a>",NA,NA,NA,NA,NA,,,,NA,FALSE,2,62,FALSE,NA,FALSE,NA,es,FALSE,NA,73,NA,,NA,NA,,NA,NA,NA,NA,NA,NA,NA,NA,NA,NA
2023-02-03T12:30:01Z,1621486161326706700,1621486161326706689,"ğŸ¥ğŸ”´ Sigue la rueda de prensa de Imanol

#RealSociedadRealValladolid | #AurreraReala","ğŸ¥ğŸ”´ Sigue la rueda de prensa de Imanol

#RealSociedadRealValladolid | #AurreraReala",FALSE,,"<a href=""https://twitter.com"" rel=""nofollow"">Twitter for Advertisers</a>",NA,NA,NA,NA,NA,,,,NA,FALSE,3,36,FALSE,NA,FALSE,NA,es,NA,NA,82,NA,,NA,NA,,NA,NA,NA,NA,NA,NA,NA,NA,NA,NA
2023-02-03T12:06:00Z,1621480117389123600,1621480117389123584,"ğŸ« Â¡A la venta las entradas para la @EuropaLeague!

ğŸ“ La vuelta se jugarÃ¡ el 16 de marzo en el Reale Arena. Rival y hora por confirmar. 

#WeareReal | #UEL | #AurreraReala 

https://t.co/MtDLzvv7xg","ğŸ« Â¡A la venta las entradas para la @EuropaLeague!

ğŸ“ La vuelta se jugarÃ¡ el 16 de marzo en el Reale Arena. Rival y hora por confirmar. 

#WeareReal | #UEL | #AurreraReala 

https://t.co/MtDLzvv7xg",FALSE,,"<a href=""https://about.twitter.com/products/tweetdeck"" rel=""nofollow"">TweetDeck</a>",NA,NA,NA,NA,NA,,,,NA,FALSE,6,55,FALSE,NA,FALSE,NA,es,FALSE,NA,196,NA,,NA,NA,,NA,NA,NA,NA,NA,NA,NA,NA,NA,NA
2023-02-03T11:25:57Z,1621470039131005e3,1621470039131004929,"ğŸ—“ ğ…ğ„ğğ‘ğ„ğ‘ğ

4âƒ£ Partidos. Â¡A por ello!

#AurreraReala https://t.co/O0RQXHl04z","ğŸ—“ ğ…ğ„ğğ‘ğ„ğ‘ğ

4âƒ£ Partidos. Â¡A por ello!

#AurreraReala https://t.co/O0RQXHl04z",FALSE,,"<a href=""https://about.twitter.com/products/tweetdeck"" rel=""nofollow"">TweetDeck</a>",NA,NA,NA,NA,NA,,,,NA,FALSE,8,120,FALSE,NA,FALSE,NA,es,FALSE,NA,51,NA,,NA,NA,,NA,NA,NA,NA,NA,NA,NA,NA,NA,NA
2023-02-03T09:09:52Z,1621435793297252400,1621435793297252352,"â›” ğ«ğğŒğ”ğ‘ğ ğŸ®

#TOTW | #AurreraReala https://t.co/9Q6Aztknwg","â›” ğ«ğğŒğ”ğ‘ğ ğŸ®

#TOTW | #AurreraReala https://t.co/9Q6Aztknwg",FALSE,,"<a href=""https://about.twitter.com/products/tweetdeck"" rel=""nofollow"">TweetDeck</a>",NA,NA,NA,NA,NA,,,,NA,FALSE,11,160,FALSE,NA,FALSE,NA,in,FALSE,NA,33,NA,,NA,NA,,NA,NA,NA,NA,NA,NA,NA,NA,NA,NA
2023-02-03T01:00:00Z,1621312512774881300,1621312512774881284,"ğŸ‡²ğŸ‡½ AsÃ­ se viviÃ³ en MÃ©xico el partidazo del domingo

#WeareReal | #AurreraReala https://t.co/4bZj8sQjpe","ğŸ‡²ğŸ‡½ AsÃ­ se viviÃ³ en MÃ©xico el partidazo del domingo

#WeareReal | #AurreraReala https://t.co/4bZj8sQjpe",FALSE,,"<a href=""https://studio.twitter.com"" rel=""nofollow"">Twitter Media Studio</a>",NA,NA,NA,NA,NA,,,,NA,FALSE,10,112,FALSE,NA,FALSE,NA,es,FALSE,NA,78,NA,,NA,NA,,NA,NA,NA,NA,NA,NA,NA,NA,NA,NA
2023-02-02T19:25:00Z,1621228207180742700,1621228207180742656,"ğŸ¥ Recorre junto a @Mikel10oyar todo el camino de su vuelta a los terrenos de juego.

AcompaÃ±a a nuestro ğŸ”Ÿ

#AurreraReala","ğŸ¥ Recorre junto a @Mikel10oyar todo el camino de su vuelta a los terrenos de juego.

AcompaÃ±a a nuestro ğŸ”Ÿ

#AurreraReala",FALSE,,"<a href=""https://twitter.com"" rel=""nofollow"">Twitter for Advertisers</a>",NA,NA,NA,NA,NA,,,,NA,FALSE,59,439,FALSE,NA,FALSE,NA,es,NA,NA,120,NA,,NA,NA,,NA,NA,NA,NA,NA,NA,NA,NA,NA,NA
2023-02-02T19:00:01Z,1621221920791224300,1621221920791224325,"ğŸ”œ Media hora.

ğŸ”Ÿ RecuperaciÃ³n de diez.

ğ˜ğğ”ğ“ğ”ğğ„

#AurreraReala https://t.co/TQg1FmQSbe","ğŸ”œ Media hora.

ğŸ”Ÿ RecuperaciÃ³n de diez.

ğ˜ğğ”ğ“ğ”ğğ„

#AurreraReala https://t.co/TQg1FmQSbe",FALSE,,"<a href=""https://about.twitter.com/products/tweetdeck"" rel=""nofollow"">TweetDeck</a>",NA,NA,NA,NA,NA,,,,NA,FALSE,4,130,FALSE,NA,FALSE,NA,es,FALSE,NA,62,NA,,NA,NA,,NA,NA,NA,NA,NA,NA,NA,NA,NA,NA
2023-02-02T18:00:00Z,1621206817610276900,1621206817610276866,"4âƒ£ Partidos.
âš½ 3 goles.
ğŸ”Ÿ Puntos sobre 12.

ğŸŒŸ @ASorloth ğŸŒŸ

#POTM | #AurreraReala https://t.co/UD7PTXXjSK","4âƒ£ Partidos.
âš½ 3 goles.
ğŸ”Ÿ Puntos sobre 12.

ğŸŒŸ @ASorloth ğŸŒŸ

#POTM | #AurreraReala https://t.co/UD7PTXXjSK",FALSE,,"<a href=""https://studio.twitter.com"" rel=""nofollow"">Twitter Media Studio</a>",NA,NA,NA,NA,NA,,,,NA,FALSE,3,126,FALSE,NA,FALSE,NA,es,FALSE,NA,80,NA,,NA,NA,,NA,NA,NA,NA,NA,NA,NA,NA,NA,NA
2023-02-02T17:10:00Z,1621194233465143300,1621194233465143297,"ğŸŒŸ @Asorloth es el MVP de enero de @LaLiga. Zorionak Thor!!!

#POTM | #AurreraReala https://t.co/wVAKpN5Ypy","ğŸŒŸ @Asorloth es el MVP de enero de @LaLiga. Zorionak Thor!!!

#POTM | #AurreraReala https://t.co/wVAKpN5Ypy",FALSE,,"<a href=""https://about.twitter.com/products/tweetdeck"" rel=""nofollow"">TweetDeck</a>",NA,NA,NA,NA,NA,,,,NA,FALSE,39,551,FALSE,NA,FALSE,NA,es,FALSE,NA,82,NA,,NA,NA,,NA,NA,NA,NA,NA,NA,NA,NA,NA,NA
2023-02-02T16:00:01Z,1621176624061337600,1621176624061337601,"â„ğ•–ğ•¦ğ•£ğ•–ğ•¦ğ•©!

#AurreraReala https://t.co/L5boNFJV3a","â„ğ•–ğ•¦ğ•£ğ•–ğ•¦ğ•©!

#AurreraReala https://t.co/L5boNFJV3a",FALSE,,"<a href=""https://about.twitter.com/products/tweetdeck"" rel=""nofollow"">TweetDeck</a>",NA,NA,NA,NA,NA,,,,NA,FALSE,2,181,FALSE,NA,FALSE,NA,fr,FALSE,NA,23,NA,,NA,NA,,NA,NA,NA,NA,NA,NA,NA,NA,NA,NA
2023-02-02T15:00:03Z,1621161532532064300,1621161532532064259,"ğŸ‚ Zorionak Karpin!

#HistoriaRS | #AurreraReala https://t.co/2rZhEpbcTL","ğŸ‚ Zorionak Karpin!

#HistoriaRS | #AurreraReala https://t.co/2rZhEpbcTL",FALSE,,"<a href=""https://studio.twitter.com"" rel=""nofollow"">Twitter Media Studio</a>",NA,NA,NA,NA,NA,,,,NA,FALSE,3,109,FALSE,NA,FALSE,NA,eu,FALSE,NA,47,NA,,NA,NA,,NA,NA,NA,NA,NA,NA,NA,NA,NA,NA
2023-02-02T14:00:00Z,1621146420257656800,1621146420257656833,"ğ—¡ğ˜‚ğ—²ğ˜ƒğ—® ğ—¼ğ—³ğ—¶ğ—°ğ—¶ğ—»ğ—®: ğ—¥ğ—˜ğ—”ğ—Ÿğ—˜ ğ—”ğ—¥ğ—˜ğ—¡ğ—”

ğŸ’« @MohamedAliCho1, de vuelta con el grupo.

#AurreraReala https://t.co/lLDVihXXoZ","ğ—¡ğ˜‚ğ—²ğ˜ƒğ—® ğ—¼ğ—³ğ—¶ğ—°ğ—¶ğ—»ğ—®: ğ—¥ğ—˜ğ—”ğ—Ÿğ—˜ ğ—”ğ—¥ğ—˜ğ—¡ğ—”

ğŸ’« @MohamedAliCho1, de vuelta con el grupo.

#AurreraReala https://t.co/lLDVihXXoZ",FALSE,,"<a href=""https://studio.twitter.com"" rel=""nofollow"">Twitter Media Studio</a>",NA,NA,NA,NA,NA,,,,NA,FALSE,14,116,FALSE,NA,FALSE,NA,es,FALSE,NA,85,NA,,NA,NA,,NA,NA,NA,NA,NA,NA,NA,NA,NA,NA
2023-02-02T13:17:36Z,1621135748518015e3,1621135748518014976,"â„¹ El Sanse - â¦@REALUNIONCIRUNâ© se jugarÃ¡ en el Reale Arena 

#Zubieta | #AurreraReala  https://t.co/8Mee9GOXUJ","â„¹ El Sanse - â¦@REALUNIONCIRUNâ© se jugarÃ¡ en el Reale Arena 

#Zubieta | #AurreraReala  https://t.co/8Mee9GOXUJ",FALSE,,"<a href=""http://twitter.com/download/iphone"" rel=""nofollow"">Twitter for iPhone</a>",NA,NA,NA,NA,NA,,,,NA,FALSE,9,71,FALSE,NA,FALSE,NA,es,FALSE,NA,110,NA,,NA,NA,,NA,NA,NA,NA,NA,NA,NA,NA,NA,NA
2023-02-02T13:00:00Z,1621131319823728600,1621131319823728641,"ğŸ’¥ SORTEO ğŸ’¥

Â¡Sorteamos DOS ENTRADAS para el partido ante el Real Valladolid (5 de febrero, 18:30) entre todos los que hagÃ¡is RT a este tuit!

Bases legales â¡ https://t.co/5UHak1TLSh

#RealSociedadRealValladolid | #AurreraReala https://t.co/lezGZyMvqp","ğŸ’¥ SORTEO ğŸ’¥

Â¡Sorteamos DOS ENTRADAS para el partido ante el Real Valladolid (5 de febrero, 18:30) entre todos los que hagÃ¡is RT a este tuit!

Bases legales â¡ https://t.co/5UHak1TLSh

#RealSociedadRealValladolid | #AurreraReala https://t.co/lezGZyMvqp",FALSE,,"<a href=""https://about.twitter.com/products/tweetdeck"" rel=""nofollow"">TweetDeck</a>",NA,NA,NA,NA,NA,,,,NA,FALSE,822,121,FALSE,NA,FALSE,NA,es,FALSE,NA,226,NA,,NA,NA,,NA,NA,NA,NA,NA,NA,NA,NA,NA,NA
2023-02-02T12:00:00Z,1.6211162212896481e+18,1621116221289648130,"ğŸ§ Imanol y Pacheta se han enfrentado una vez como jugadores. Â¿Con quÃ© equipos?

ğŸ« Responde a las 10 preguntas y consigue dos entradas para la jornada 22. 

#RealSociedadRealValladolid | #AurreraReala 

https://t.co/mbhOB3bqdk","ğŸ§ Imanol y Pacheta se han enfrentado una vez como jugadores. Â¿Con quÃ© equipos?

ğŸ« Responde a las 10 preguntas y consigue dos entradas para la jornada 22. 

#RealSociedadRealValladolid | #AurreraReala 

https://t.co/mbhOB3bqdk",FALSE,,"<a href=""https://about.twitter.com/products/tweetdeck"" rel=""nofollow"">TweetDeck</a>",NA,NA,NA,NA,NA,,,,NA,FALSE,3,33,FALSE,NA,FALSE,NA,es,FALSE,NA,225,NA,,NA,NA,,NA,NA,NA,NA,NA,NA,NA,NA,NA,NA
2023-02-02T11:00:01Z,1621101125217681400,1621101125217681409,"ğŸ‚ Â¡Hoy es el cumpleaÃ±os de Sadiq!

ğŸ‚ Zorionak Sadiq! ğŸ‰

ğŸ’¬ Â¡FelicÃ­talo!

#AurreraReala https://t.co/p931mAJV5u","ğŸ‚ Â¡Hoy es el cumpleaÃ±os de Sadiq!

ğŸ‚ Zorionak Sadiq! ğŸ‰

ğŸ’¬ Â¡FelicÃ­talo!

#AurreraReala https://t.co/p931mAJV5u",FALSE,,"<a href=""https://about.twitter.com/products/tweetdeck"" rel=""nofollow"">TweetDeck</a>",NA,NA,NA,NA,NA,,,,NA,FALSE,22,571,FALSE,NA,FALSE,NA,es,FALSE,NA,85,NA,,NA,NA,,NA,NA,NA,NA,NA,NA,NA,NA,NA,NA
2023-02-02T10:00:00Z,1621086022653120500,1621086022653120514,"ğŸ‘ Â¿CÃ³mo fue el proceso de recuperaciÃ³n de @Mikel10oyar?

ğŸ¥ Hoy, a las 20:30, en nuestro canal de ğ˜ğğ”ğ“ğ”ğğ„

#Argysan | #AurreraReala https://t.co/25RrDzLub2","ğŸ‘ Â¿CÃ³mo fue el proceso de recuperaciÃ³n de @Mikel10oyar?

ğŸ¥ Hoy, a las 20:30, en nuestro canal de ğ˜ğğ”ğ“ğ”ğğ„

#Argysan | #AurreraReala https://t.co/25RrDzLub2",FALSE,,"<a href=""https://studio.twitter.com"" rel=""nofollow"">Twitter Media Studio</a>",NA,NA,NA,NA,NA,,,,NA,FALSE,12,126,FALSE,NA,FALSE,NA,es,FALSE,NA,130,NA,,NA,NA,,NA,NA,NA,NA,NA,NA,NA,NA,NA,NA
2023-02-02T09:00:01Z,1621070927239987200,1621070927239987201,"ğŸ‚ Â¡Hoy es el cumpleaÃ±os de @MartinZubimendi!

ğŸ‚ Zorionak Martin! ğŸ‰

ğŸ’¬ Â¡FelicÃ­talo!

#AurreraReala https://t.co/IH73kS5v3D","ğŸ‚ Â¡Hoy es el cumpleaÃ±os de @MartinZubimendi!

ğŸ‚ Zorionak Martin! ğŸ‰

ğŸ’¬ Â¡FelicÃ­talo!

#AurreraReala https://t.co/IH73kS5v3D",FALSE,,"<a href=""https://about.twitter.com/products/tweetdeck"" rel=""nofollow"">TweetDeck</a>",NA,NA,NA,NA,NA,,,,NA,FALSE,31,510,FALSE,NA,FALSE,NA,es,FALSE,NA,97,NA,,NA,NA,,NA,NA,NA,NA,NA,NA,NA,NA,NA,NA
2023-02-01T20:38:04Z,1620884209131995100,1620884209131995136,"ğŸ’™ Lecciones de vida en unos minutos. Por Don Eusebio SacristÃ¡n. 

ğŸ¥ @APDValladolid 

#AurreraReala https://t.co/0b3KmBaDxp","ğŸ’™ Lecciones de vida en unos minutos. Por Don Eusebio SacristÃ¡n. 

ğŸ¥ @APDValladolid 

#AurreraReala https://t.co/0b3KmBaDxp",FALSE,,"<a href=""https://studio.twitter.com"" rel=""nofollow"">Twitter Media Studio</a>",NA,NA,NA,NA,NA,,,,NA,FALSE,158,869,FALSE,NA,FALSE,NA,es,FALSE,NA,98,NA,,NA,NA,,NA,NA,NA,NA,NA,NA,NA,NA,NA,NA
2023-02-01T19:00:01Z,1620859533231784e3,1620859533231783966,"ğ—¥ğ—²ğ—°ğ˜‚ğ—½ğ—²ğ—¿ğ—®ğ—°ğ—¶ğ—¼Ìğ—» ğ—±ğ—² ğŸ­ğŸ¬

@Mikel10oyar, de cerca.

ğŸ¥ MaÃ±ana, a las 20:30 â¡ ğ—¬ğ—¢ğ—¨ğ—§ğ—¨ğ—•ğ—˜

#AurreraReala https://t.co/5p7GlCs8H7","ğ—¥ğ—²ğ—°ğ˜‚ğ—½ğ—²ğ—¿ğ—®ğ—°ğ—¶ğ—¼Ìğ—» ğ—±ğ—² ğŸ­ğŸ¬

@Mikel10oyar, de cerca.

ğŸ¥ MaÃ±ana, a las 20:30 â¡ ğ—¬ğ—¢ğ—¨ğ—§ğ—¨ğ—•ğ—˜

#AurreraReala https://t.co/5p7GlCs8H7",FALSE,,"<a href=""https://studio.twitter.com"" rel=""nofollow"">Twitter Media Studio</a>",NA,NA,NA,NA,NA,,,,NA,FALSE,15,175,FALSE,NA,FALSE,NA,es,FALSE,NA,92,NA,,NA,NA,,NA,NA,NA,NA,NA,NA,NA,NA,NA,NA
2023-02-01T18:05:30Z,1620845813122343e3,1620845813122342912,"ğŸ® Supeâ„ğ”¼ğ•„ğ•€ â›”

#TOTW | #AurreraReala https://t.co/ZjTTCTAhzA","ğŸ® Supeâ„ğ”¼ğ•„ğ•€ â›”

#TOTW | #AurreraReala https://t.co/ZjTTCTAhzA",FALSE,,"<a href=""https://about.twitter.com/products/tweetdeck"" rel=""nofollow"">TweetDeck</a>",NA,NA,NA,NA,NA,,,,NA,FALSE,6,167,FALSE,NA,FALSE,NA,it,FALSE,NA,35,NA,,NA,NA,,NA,NA,NA,NA,NA,NA,NA,NA,NA,NA
2023-02-01T17:00:01Z,1620829335694319600,1620829335694319616,"ğŸ…¡ğŸ…”ğŸ…ğŸ…›

#AurreraReala https://t.co/auVOFjFssv","ğŸ…¡ğŸ…”ğŸ…ğŸ…›

#AurreraReala https://t.co/auVOFjFssv",FALSE,,"<a href=""https://about.twitter.com/products/tweetdeck"" rel=""nofollow"">TweetDeck</a>",NA,NA,NA,NA,NA,,,,NA,FALSE,5,234,FALSE,NA,FALSE,NA,und,FALSE,NA,19,NA,,NA,NA,,NA,NA,NA,NA,NA,NA,NA,NA,NA,NA
2023-02-01T16:15:30Z,1620818130355327e3,1620818130355326982,"ğŸ¤” Â¿Leyenda pucelana que entrenÃ³ a la Real? 

ğŸ Â¡Juega con Kahoot y participa en el sorteo de entrada doble para la jornada 22! 

#RealSociedadRealValladolid | #AurreraReala 

https://t.co/mbhOB3bqdk","ğŸ¤” Â¿Leyenda pucelana que entrenÃ³ a la Real? 

ğŸ Â¡Juega con Kahoot y participa en el sorteo de entrada doble para la jornada 22! 

#RealSociedadRealValladolid | #AurreraReala 

https://t.co/mbhOB3bqdk",FALSE,,"<a href=""https://about.twitter.com/products/tweetdeck"" rel=""nofollow"">TweetDeck</a>",NA,NA,NA,NA,NA,,,,NA,FALSE,1,37,FALSE,NA,FALSE,NA,es,FALSE,NA,198,NA,,NA,NA,,NA,NA,NA,NA,NA,NA,NA,NA,NA,NA
2023-02-01T15:00:05Z,1620799150479614e3,1620799150479613953,"MaÃ±ana. 20.30.

ğ˜ğğ”ğ“ğ”ğğ„

#AurreraReala https://t.co/WU6A4JU8H7","MaÃ±ana. 20.30.

ğ˜ğğ”ğ“ğ”ğğ„

#AurreraReala https://t.co/WU6A4JU8H7",FALSE,,"<a href=""https://studio.twitter.com"" rel=""nofollow"">Twitter Media Studio</a>",NA,NA,NA,NA,NA,,,,NA,FALSE,16,146,FALSE,NA,FALSE,NA,es,FALSE,NA,38,NA,,NA,NA,,NA,NA,NA,NA,NA,NA,NA,NA,NA,NA
2023-02-01T14:55:26Z,1620797982340792300,1620797982340792321,"â„¹ Acuerdo para la finalizar la relaciÃ³n contractual de IÃ±aki Recio. Eskerrik asko eta zorte on, IÃ±aki!

#AurreraReala  https://t.co/cUYsEXgh3y","â„¹ Acuerdo para la finalizar la relaciÃ³n contractual de IÃ±aki Recio. Eskerrik asko eta zorte on, IÃ±aki!

#AurreraReala  https://t.co/cUYsEXgh3y",FALSE,,"<a href=""http://twitter.com/download/iphone"" rel=""nofollow"">Twitter for iPhone</a>",NA,NA,NA,NA,NA,,,,NA,FALSE,7,59,FALSE,NA,FALSE,NA,es,FALSE,NA,142,NA,,NA,NA,,NA,NA,NA,NA,NA,NA,NA,NA,NA,NA
2023-02-01T14:00:03Z,1620784044433703e3,1620784044433702912,"ğŸ‘ ğ‚ğ¨ğ§ğœğğ§ğ­ğ«ğšğœğ¢ğ¨Ìğ§

#AurreraReala https://t.co/ecNUYp7oEd","ğŸ‘ ğ‚ğ¨ğ§ğœğğ§ğ­ğ«ğšğœğ¢ğ¨Ìğ§

#AurreraReala https://t.co/ecNUYp7oEd",FALSE,,"<a href=""https://about.twitter.com/products/tweetdeck"" rel=""nofollow"">TweetDeck</a>",NA,NA,NA,NA,NA,,,,NA,FALSE,26,513,FALSE,NA,FALSE,NA,es,FALSE,NA,31,NA,,NA,NA,,NA,NA,NA,NA,NA,NA,NA,NA,NA,NA
2023-02-01T12:55:51Z,1620767887358152700,1620767887358152705,"ğŸ”› Hemos vuelto al trabajo en Zubieta. Aurrera!

#AurreraReala https://t.co/YxwIun1NFQ","ğŸ”› Hemos vuelto al trabajo en Zubieta. Aurrera!

#AurreraReala https://t.co/YxwIun1NFQ",FALSE,,"<a href=""https://studio.twitter.com"" rel=""nofollow"">Twitter Media Studio</a>",NA,NA,NA,NA,NA,,,,NA,FALSE,4,128,FALSE,NA,FALSE,NA,es,FALSE,NA,61,NA,,NA,NA,,NA,NA,NA,NA,NA,NA,NA,NA,NA,NA
2023-02-01T11:12:29Z,1620741872967630800,1620741872967630848,"ğŸŸ Pide tu entrada para el RCDE Stadium

#EspanyolRealSociedad | #AurreraReala 

https://t.co/PY3TEGNf6l","ğŸŸ Pide tu entrada para el RCDE Stadium

#EspanyolRealSociedad | #AurreraReala 

https://t.co/PY3TEGNf6l",FALSE,,"<a href=""https://about.twitter.com/products/tweetdeck"" rel=""nofollow"">TweetDeck</a>",NA,NA,NA,NA,NA,,,,NA,FALSE,1,32,FALSE,NA,FALSE,NA,es,FALSE,NA,103,NA,,NA,NA,,NA,NA,NA,NA,NA,NA,NA,NA,NA,NA
2023-01-31T20:00:02Z,1620512249872896e3,1620512249872896001,"ğŸ”’ Remiro's wall ğŸ”‘ 

#RSStats | #AurreraReala https://t.co/xXLUGrlZAE","ğŸ”’ Remiro's wall ğŸ”‘ 

#RSStats | #AurreraReala https://t.co/xXLUGrlZAE",FALSE,,"<a href=""https://about.twitter.com/products/tweetdeck"" rel=""nofollow"">TweetDeck</a>",NA,NA,NA,NA,NA,,,,NA,FALSE,11,129,FALSE,NA,FALSE,NA,en,FALSE,NA,44,NA,,NA,NA,,NA,NA,NA,NA,NA,NA,NA,NA,NA,NA
2023-01-31T19:00:30Z,162049726669901e4,1620497266699010059,"ğŸ§ Â¿QuiÃ©n es?

#AurreraReala | #GuessWho https://t.co/t4TAwdKPMv","ğŸ§ Â¿QuiÃ©n es?

#AurreraReala | #GuessWho https://t.co/t4TAwdKPMv",FALSE,,"<a href=""https://about.twitter.com/products/tweetdeck"" rel=""nofollow"">TweetDeck</a>",NA,NA,NA,NA,NA,,,,NA,FALSE,2,83,FALSE,NA,FALSE,NA,es,FALSE,NA,39,NA,,NA,NA,,NA,NA,NA,NA,NA,NA,NA,NA,NA,NA
2023-01-31T18:00:30Z,1620482168836264e3,1620482168836263936,"5âƒ£ğŸ– ğ— ğ—œğ—Ÿğ—Ÿğ—¢ğ—¡ğ—˜ğ—¦ de seguidores en redes sociales ğŸ˜±

ğŸ’™ Eskerrik asko, familia! ğŸ”

#WeareReal | #AurreraReala https://t.co/I0TN8pKqVw","5âƒ£ğŸ– ğ— ğ—œğ—Ÿğ—Ÿğ—¢ğ—¡ğ—˜ğ—¦ de seguidores en redes sociales ğŸ˜±

ğŸ’™ Eskerrik asko, familia! ğŸ”

#WeareReal | #AurreraReala https://t.co/I0TN8pKqVw",FALSE,,"<a href=""https://about.twitter.com/products/tweetdeck"" rel=""nofollow"">TweetDeck</a>",NA,NA,NA,NA,NA,,,,NA,FALSE,2,197,FALSE,NA,FALSE,NA,es,FALSE,NA,103,NA,,NA,NA,,NA,NA,NA,NA,NA,NA,NA,NA,NA,NA
2023-01-31T17:00:31Z,1620467071602622500,1620467071602622464,"ğŸ¥³ Â¡A punto de llegar a los 1.500 RS Fans!

ğŸ Â¡Ãšnete a la familia y descubre las ventajas y la promociÃ³n con sabor a Europa!

#AurreraReala

https://t.co/2pQrzty33y","ğŸ¥³ Â¡A punto de llegar a los 1.500 RS Fans!

ğŸ Â¡Ãšnete a la familia y descubre las ventajas y la promociÃ³n con sabor a Europa!

#AurreraReala

https://t.co/2pQrzty33y",FALSE,,"<a href=""https://about.twitter.com/products/tweetdeck"" rel=""nofollow"">TweetDeck</a>",NA,NA,NA,NA,NA,,,,NA,FALSE,1,24,FALSE,NA,FALSE,NA,es,FALSE,NA,163,NA,,NA,NA,,NA,NA,NA,NA,NA,NA,NA,NA,NA,NA
2023-01-31T16:24:58Z,1620458126473314300,1620458126473314304,"ğŸ“£ Entradas para el #EspanyolRealSociedad (13 de febrero, 21:00).

ğŸ“² MaÃ±ana a las 11:00 se activan los formularios de reserva.

#AurreraReala  https://t.co/NBNms0Vlpv","ğŸ“£ Entradas para el #EspanyolRealSociedad (13 de febrero, 21:00).

ğŸ“² MaÃ±ana a las 11:00 se activan los formularios de reserva.

#AurreraReala  https://t.co/NBNms0Vlpv",FALSE,,"<a href=""http://twitter.com/download/iphone"" rel=""nofollow"">Twitter for iPhone</a>",NA,NA,NA,NA,NA,,,,NA,FALSE,2,22,FALSE,NA,FALSE,NA,es,FALSE,NA,165,NA,,NA,NA,,NA,NA,NA,NA,NA,NA,NA,NA,NA,NA
2023-01-31T16:00:30Z,1620451967343464400,1620451967343464449,"ğŸ’™ Â¡MÃ¡s de 26.000 socios utilizan App Realzale!

ğŸ“² Primera vuelta: 6.400 cesiones al club y 7.000 cesiones a familiares o amigos.

âš½ #RealSociedadRealValladolid: cesiones y entradas, en marcha 

#AurreraReala 

https://t.co/8vjLry0pB3","ğŸ’™ Â¡MÃ¡s de 26.000 socios utilizan App Realzale!

ğŸ“² Primera vuelta: 6.400 cesiones al club y 7.000 cesiones a familiares o amigos.

âš½ #RealSociedadRealValladolid: cesiones y entradas, en marcha 

#AurreraReala 

https://t.co/8vjLry0pB3",FALSE,,"<a href=""https://about.twitter.com/products/tweetdeck"" rel=""nofollow"">TweetDeck</a>",NA,NA,NA,NA,NA,,,,NA,FALSE,2,24,FALSE,NA,FALSE,NA,es,FALSE,NA,233,NA,,NA,NA,,NA,NA,NA,NA,NA,NA,NA,NA,NA,NA
2023-01-31T15:00:00Z,1620436742732906500,1620436742732906497,"ğ—§ğ—›ğ—˜ ğ—ªğ—”ğ—Ÿğ—Ÿ

â›” Remiro.

#LaLigaHighlights | #AurreraReala https://t.co/0pujPUOqHO","ğ—§ğ—›ğ—˜ ğ—ªğ—”ğ—Ÿğ—Ÿ

â›” Remiro.

#LaLigaHighlights | #AurreraReala https://t.co/0pujPUOqHO",FALSE,,"<a href=""https://studio.twitter.com"" rel=""nofollow"">Twitter Media Studio</a>",NA,NA,NA,NA,NA,,,,NA,FALSE,10,151,FALSE,NA,FALSE,NA,en,FALSE,NA,54,NA,,NA,NA,,NA,NA,NA,NA,NA,NA,NA,NA,NA,NA
2023-01-31T14:00:30Z,1620421769403285500,1620421769403285504,"ğŸ¥ğŸ”´ Â¡Comienza @eLaLiga!

ğŸ® 18:50 ğŸ†š @ibizaud â¡ https://t.co/3M2TUHjl1C

ğŸ® 21:20 ğŸ†š @RRCesports â¡ https://t.co/hmmcVsI1Bi

ğŸ’ª Â¡Hoy es el turno para @I5IZidane10!

#AurreraReala https://t.co/MEHR2WuKtg","ğŸ¥ğŸ”´ Â¡Comienza @eLaLiga!

ğŸ® 18:50 ğŸ†š @ibizaud â¡ https://t.co/3M2TUHjl1C

ğŸ® 21:20 ğŸ†š @RRCesports â¡ https://t.co/hmmcVsI1Bi

ğŸ’ª Â¡Hoy es el turno para @I5IZidane10!

#AurreraReala https://t.co/MEHR2WuKtg",FALSE,,"<a href=""https://about.twitter.com/products/tweetdeck"" rel=""nofollow"">TweetDeck</a>",NA,NA,NA,NA,NA,,,,NA,FALSE,4,44,FALSE,NA,FALSE,NA,es,FALSE,NA,171,NA,,NA,NA,,NA,NA,NA,NA,NA,NA,NA,NA,NA,NA
2023-01-31T11:59:14Z,1620391249781067800,1620391249781067776,"Feliz DÃ­a Internacional de la Cebra ğŸ¦“ a todos ğŸ”µâšªï¸ğŸ”µ

#AurreraReala https://t.co/ocTO5Z09Ut","Feliz DÃ­a Internacional de la Cebra ğŸ¦“ a todos ğŸ”µâšªï¸ğŸ”µ

#AurreraReala https://t.co/ocTO5Z09Ut",FALSE,,"<a href=""http://twitter.com/download/iphone"" rel=""nofollow"">Twitter for iPhone</a>",NA,NA,NA,NA,NA,,,,NA,FALSE,136,1133,FALSE,NA,FALSE,NA,es,FALSE,NA,65,NA,,NA,NA,,NA,NA,NA,NA,NA,NA,NA,NA,NA,NA
2023-01-31T11:41:49Z,1620386868092366800,1620386868092366848,"ğŸ€ Â¡Planazo para el domingo!

Â¡Ven a apoyar al @gipuzkoabasket tras el partido del Reale Arena! ğŸ¸ 

#AurreraReala https://t.co/gPDmwOjTMD","ğŸ€ Â¡Planazo para el domingo!

Â¡Ven a apoyar al @gipuzkoabasket tras el partido del Reale Arena! ğŸ¸ 

#AurreraReala https://t.co/gPDmwOjTMD",FALSE,,"<a href=""http://twitter.com/download/iphone"" rel=""nofollow"">Twitter for iPhone</a>",NA,NA,NA,NA,NA,,,,NA,TRUE,7,38,FALSE,NA,FALSE,NA,es,FALSE,NA,112,NA,,1620143040102031400,1620143040102031361,,NA,NA,NA,NA,NA,NA,NA,NA,NA,NA
2023-01-31T11:27:15Z,1620383201322569700,1620383201322569728,"ğŸ¥ Parte mÃ©dico: â¦@AritzElustondoâ© 

#AurreraReala  https://t.co/n3k8HNjSh6","ğŸ¥ Parte mÃ©dico: â¦@AritzElustondoâ© 

#AurreraReala  https://t.co/n3k8HNjSh6",FALSE,,"<a href=""http://twitter.com/download/iphone"" rel=""nofollow"">Twitter for iPhone</a>",NA,NA,NA,NA,NA,,,,NA,FALSE,13,89,FALSE,NA,FALSE,NA,es,FALSE,NA,74,NA,,NA,NA,,NA,NA,NA,NA,NA,NA,NA,NA,NA,NA
2023-01-31T11:00:01Z,1620376349918511e3,1620376349918511104,"ğŸŒŸ Remiro, MVP ğŸ†š Real Madrid. Zorionak Remi!

#BMRealarenSupermerkatua | #AurreraReala https://t.co/MufycZgoRO","ğŸŒŸ Remiro, MVP ğŸ†š Real Madrid. Zorionak Remi!

#BMRealarenSupermerkatua | #AurreraReala https://t.co/MufycZgoRO",FALSE,,"<a href=""https://about.twitter.com/products/tweetdeck"" rel=""nofollow"">TweetDeck</a>",NA,NA,NA,NA,NA,,,,NA,FALSE,6,279,FALSE,NA,FALSE,NA,ht,FALSE,NA,85,NA,,NA,NA,,NA,NA,NA,NA,NA,NA,NA,NA,NA,NA
2023-01-31T09:00:30Z,1620346270840766500,1620346270840766466,"ğŸ‚ Â¡Hoy es el cumpleaÃ±os de @BenatTurrientes!  

ğŸ‚ Zorionak Turri! ğŸ‰ 

ğŸ’¬ Â¡FelicÃ­talo!  

#AurreraReala https://t.co/YruCKB3Ei4","ğŸ‚ Â¡Hoy es el cumpleaÃ±os de @BenatTurrientes!  

ğŸ‚ Zorionak Turri! ğŸ‰ 

ğŸ’¬ Â¡FelicÃ­talo!  

#AurreraReala https://t.co/YruCKB3Ei4",FALSE,,"<a href=""https://about.twitter.com/products/tweetdeck"" rel=""nofollow"">TweetDeck</a>",NA,NA,NA,NA,NA,,,,NA,FALSE,10,170,FALSE,NA,FALSE,NA,es,FALSE,NA,101,NA,,NA,NA,,NA,NA,NA,NA,NA,NA,NA,NA,NA,NA
2023-01-30T21:00:00Z,1620164952450277400,1620164952450277376,"ğŸ¥° Una visita muy especial ğŸ¥°

ğŸ’™ @_nachomonreal ğŸ’™

#WeareReal | #AurreraReala https://t.co/l59N6CU8EE","ğŸ¥° Una visita muy especial ğŸ¥°

ğŸ’™ @_nachomonreal ğŸ’™

#WeareReal | #AurreraReala https://t.co/l59N6CU8EE",FALSE,,"<a href=""https://about.twitter.com/products/tweetdeck"" rel=""nofollow"">TweetDeck</a>",NA,NA,NA,NA,NA,,,,NA,FALSE,14,246,FALSE,NA,FALSE,NA,es,FALSE,NA,75,NA,,NA,NA,,NA,NA,NA,NA,NA,NA,NA,NA,NA,NA
2023-01-30T20:00:02Z,1620149860199440400,1620149860199440394,"ğŸ†™ Â¡A por mÃ¡s!

#WeareReal | #AurreraReala https://t.co/iFvhFHceit","ğŸ†™ Â¡A por mÃ¡s!

#WeareReal | #AurreraReala https://t.co/iFvhFHceit",FALSE,,"<a href=""https://studio.twitter.com"" rel=""nofollow"">Twitter Media Studio</a>",NA,NA,NA,NA,NA,,,,NA,FALSE,16,289,FALSE,NA,FALSE,NA,es,FALSE,NA,41,NA,,NA,NA,,NA,NA,NA,NA,NA,NA,NA,NA,NA,NA
2023-01-30T19:00:01Z,1620134756947050500,1620134756947050496,"ğŸ”Ÿ Canteranos en el BernabÃ©u.
ğŸ’™ Esto es la Real.
ğŸ  ğ—­ğ—¨ğ—•ğ—œğ—˜ğ—§ğ—”.

#WeareReal | #AurreraReala https://t.co/BfXln56vhU","ğŸ”Ÿ Canteranos en el BernabÃ©u.
ğŸ’™ Esto es la Real.
ğŸ  ğ—­ğ—¨ğ—•ğ—œğ—˜ğ—§ğ—”.

#WeareReal | #AurreraReala https://t.co/BfXln56vhU",FALSE,,"<a href=""https://about.twitter.com/products/tweetdeck"" rel=""nofollow"">TweetDeck</a>",NA,NA,NA,NA,NA,,,,NA,FALSE,25,276,FALSE,NA,FALSE,NA,es,FALSE,NA,86,NA,,NA,NA,,NA,NA,NA,NA,NA,NA,NA,NA,NA,NA
2023-01-30T17:27:59Z,1620111596709359600,1620111596709359616,"ğŸ§ Â¿QuÃ© destacarÃ­as de nuestra primera vuelta?

â• Info â¡ https://t.co/EFwdri3McL

#RSStats | #AurreraReala | #WeareRealv https://t.co/N5ntNo2MZt","ğŸ§ Â¿QuÃ© destacarÃ­as de nuestra primera vuelta?

â• Info â¡ https://t.co/EFwdri3McL

#RSStats | #AurreraReala | #WeareRealv https://t.co/N5ntNo2MZt",FALSE,,"<a href=""http://twitter.com/download/iphone"" rel=""nofollow"">Twitter for iPhone</a>",NA,NA,NA,NA,NA,,,,NA,FALSE,10,168,FALSE,NA,FALSE,NA,es,FALSE,NA,119,NA,,NA,NA,,NA,NA,NA,NA,NA,NA,NA,NA,NA,NA
2023-01-30T17:00:31Z,1620104685418909700,1620104685418909713,"ğŸ”œ PrÃ³ximo reto   
ğŸ†š Real Valladolid   
ğŸŸ Reale Arena   
ğŸ—“ Domingo   
â° 18:30 
ğŸ†™ AURRERA REALA!!!   

#AurreraReala https://t.co/0LZflKv16g","ğŸ”œ PrÃ³ximo reto   
ğŸ†š Real Valladolid   
ğŸŸ Reale Arena   
ğŸ—“ Domingo   
â° 18:30 
ğŸ†™ AURRERA REALA!!!   

#AurreraReala https://t.co/0LZflKv16g",FALSE,,"<a href=""https://about.twitter.com/products/tweetdeck"" rel=""nofollow"">TweetDeck</a>",NA,NA,NA,NA,NA,,,,NA,FALSE,6,108,FALSE,NA,FALSE,NA,es,FALSE,NA,114,NA,,NA,NA,,NA,NA,NA,NA,NA,NA,NA,NA,NA,NA
2023-01-30T16:21:01Z,1620094742506930200,1620094742506930177,"ğŸ“£ Horario de la 22Âª jornada
âš½ #RealSociedad ğŸ†š @RCCelta 
ğŸ“† 18/02/2023
â° 14:00 
ğŸŸï¸ Reale Arena 
#ï¸âƒ£ #RealSociedadCelta https://t.co/qAkW3VPqt7","ğŸ“£ Horario de la 22Âª jornada
âš½ #RealSociedad ğŸ†š @RCCelta 
ğŸ“† 18/02/2023
â° 14:00 
ğŸŸï¸ Reale Arena 
#ï¸âƒ£ #RealSociedadCelta https://t.co/qAkW3VPqt7",FALSE,,"<a href=""http://twitter.com/download/iphone"" rel=""nofollow"">Twitter for iPhone</a>",NA,NA,NA,NA,NA,,,,NA,FALSE,7,68,FALSE,NA,FALSE,NA,es,FALSE,NA,116,NA,,NA,NA,,NA,NA,NA,NA,NA,NA,NA,NA,NA,NA
2023-01-30T15:00:33Z,1620074494168531e3,1620074494168530949,"ğŸ«¡ Viendo su partidazoâ€¦ Â©

#AurreraReala https://t.co/poo7G9ecbU","ğŸ«¡ Viendo su partidazoâ€¦ Â©

#AurreraReala https://t.co/poo7G9ecbU",FALSE,,"<a href=""https://about.twitter.com/products/tweetdeck"" rel=""nofollow"">TweetDeck</a>",NA,NA,NA,NA,NA,,,,NA,FALSE,6,157,FALSE,NA,FALSE,NA,es,FALSE,NA,39,NA,,NA,NA,,NA,NA,NA,NA,NA,NA,NA,NA,NA,NA
2023-01-30T14:00:00Z,1620059256534827e3,1620059256534827010,"When you are bored at school ğŸ¤£

#AurreraReala https://t.co/Qyv9X2Jj0F","When you are bored at school ğŸ¤£

#AurreraReala https://t.co/Qyv9X2Jj0F",FALSE,,"<a href=""https://studio.twitter.com"" rel=""nofollow"">Twitter Media Studio</a>",NA,NA,NA,NA,NA,,,,NA,FALSE,9,257,FALSE,NA,FALSE,NA,en,FALSE,NA,45,NA,,NA,NA,,NA,NA,NA,NA,NA,NA,NA,NA,NA,NA
2023-01-30T13:00:00Z,1620044157568880600,1620044157568880641,"ğŸ˜ˆ ğšƒğ™°ğ™ºğ™´ ğŸ‘

#WeareReal | #AurreraReala https://t.co/bAAxq4alRl","ğŸ˜ˆ ğšƒğ™°ğ™ºğ™´ ğŸ‘

#WeareReal | #AurreraReala https://t.co/bAAxq4alRl",FALSE,,"<a href=""https://about.twitter.com/products/tweetdeck"" rel=""nofollow"">TweetDeck</a>",NA,NA,NA,NA,NA,,,,NA,FALSE,151,2882,FALSE,NA,FALSE,NA,en,FALSE,NA,36,NA,,NA,NA,,NA,NA,NA,NA,NA,NA,NA,NA,NA,NA
2023-01-30T12:43:27Z,1620039992985763800,1620039992985763843,"ğŸ® Â¡MaÃ±ana debutamos en @eLaLiga!

ğŸ’ª Â¡A por todas, @I5IZidane10 y @anderhipo15!

Horarios â• Info â¡ https://t.co/stHWztvWdU

#eReala | #AurreraReala https://t.co/MMqeLjLOng","ğŸ® Â¡MaÃ±ana debutamos en @eLaLiga!

ğŸ’ª Â¡A por todas, @I5IZidane10 y @anderhipo15!

Horarios â• Info â¡ https://t.co/stHWztvWdU

#eReala | #AurreraReala https://t.co/MMqeLjLOng",FALSE,,"<a href=""https://studio.twitter.com"" rel=""nofollow"">Twitter Media Studio</a>",NA,NA,NA,NA,NA,,,,NA,FALSE,3,48,FALSE,NA,FALSE,NA,es,FALSE,NA,146,NA,,NA,NA,,NA,NA,NA,NA,NA,NA,NA,NA,NA,NA
2023-01-30T11:30:30Z,1620021632151462e3,1620021632151461888,"ğğ”ğğ“ğ€ğ™ğ de un ğ„ğğ”ğˆğğ€ğ™ğ

#AurreraReala https://t.co/9BpDigDzUw","ğğ”ğğ“ğ€ğ™ğ de un ğ„ğğ”ğˆğğ€ğ™ğ

#AurreraReala https://t.co/9BpDigDzUw",FALSE,,"<a href=""https://studio.twitter.com"" rel=""nofollow"">Twitter Media Studio</a>",NA,NA,NA,NA,NA,,,,NA,FALSE,13,219,FALSE,NA,FALSE,NA,es,FALSE,NA,37,NA,,NA,NA,,NA,NA,NA,NA,NA,NA,NA,NA,NA,NA
2023-01-30T11:00:31Z,1620014086267314200,1620014086267314179,"âš” ğ”¹ğ•€ğ”¾ ğ•‹â„â„ğ”¼ğ”¼ ğŸ›¡

#WeareReal | #AurreraReala https://t.co/A6UVfKnTLS","âš” ğ”¹ğ•€ğ”¾ ğ•‹â„â„ğ”¼ğ”¼ ğŸ›¡

#WeareReal | #AurreraReala https://t.co/A6UVfKnTLS",FALSE,,"<a href=""https://about.twitter.com/products/tweetdeck"" rel=""nofollow"">TweetDeck</a>",NA,NA,NA,NA,NA,,,,NA,FALSE,17,348,FALSE,NA,FALSE,NA,en,FALSE,NA,41,NA,,NA,NA,,NA,NA,NA,NA,NA,NA,NA,NA,NA,NA
2023-01-30T09:01:09Z,1619984046095831e3,1619984046095831040,"ğŸŒŸ Hura gaua atzokoa

#WeareReal | #AurreraReala https://t.co/OSfW0vhLTw","ğŸŒŸ Hura gaua atzokoa

#WeareReal | #AurreraReala https://t.co/OSfW0vhLTw",FALSE,,"<a href=""https://about.twitter.com/products/tweetdeck"" rel=""nofollow"">TweetDeck</a>",NA,NA,NA,NA,NA,,,,NA,FALSE,10,298,FALSE,NA,FALSE,NA,eu,FALSE,NA,47,NA,,NA,NA,,NA,NA,NA,NA,NA,NA,NA,NA,NA,NA
2023-01-29T23:30:00Z,1619840311848566800,1619840311848566785,"Mi ğ—˜ğ—¤ğ—¨ğ—œğ—£ğ—¢

#WeareReal | #AurreraReala https://t.co/2FFOYav9Sl","Mi ğ—˜ğ—¤ğ—¨ğ—œğ—£ğ—¢

#WeareReal | #AurreraReala https://t.co/2FFOYav9Sl",FALSE,,"<a href=""https://about.twitter.com/products/tweetdeck"" rel=""nofollow"">TweetDeck</a>",NA,NA,NA,NA,NA,,,,NA,FALSE,34,391,FALSE,NA,FALSE,NA,es,FALSE,NA,37,NA,,NA,NA,,NA,NA,NA,NA,NA,NA,NA,NA,NA,NA
2023-01-29T23:17:00Z,1619837040266297300,1619837040266297344,"""ğ‡ğğ¦ğ¨ğ¬ ğ­ğ«ğšğ›ğšğ£ğšğğ¨ ğ¦ğ®ğœğ¡ğ¨"".

#RealMadridRealSociedad | #AurreraReala https://t.co/oonpSyAmiV","""ğ‡ğğ¦ğ¨ğ¬ ğ­ğ«ğšğ›ğšğ£ğšğğ¨ ğ¦ğ®ğœğ¡ğ¨"".

#RealMadridRealSociedad | #AurreraReala https://t.co/oonpSyAmiV",FALSE,,"<a href=""https://studio.twitter.com"" rel=""nofollow"">Twitter Media Studio</a>",NA,NA,NA,NA,NA,,,,NA,FALSE,15,135,FALSE,NA,FALSE,NA,es,FALSE,NA,65,NA,,NA,NA,,NA,NA,NA,NA,NA,NA,NA,NA,NA,NA
2023-01-29T23:10:37Z,1619835435357819e3,1619835435357818882,"""ğ— ğ˜‚ğ˜† ğ˜€ğ—®ğ˜ğ—¶ğ˜€ğ—³ğ—²ğ—°ğ—µğ—¼"".

#RealMadridRealSociedad | #AurreraReala https://t.co/arYUiJz9ZC","""ğ— ğ˜‚ğ˜† ğ˜€ğ—®ğ˜ğ—¶ğ˜€ğ—³ğ—²ğ—°ğ—µğ—¼"".

#RealMadridRealSociedad | #AurreraReala https://t.co/arYUiJz9ZC",FALSE,,"<a href=""https://studio.twitter.com"" rel=""nofollow"">Twitter Media Studio</a>",NA,NA,NA,NA,NA,,,,NA,FALSE,11,120,FALSE,NA,FALSE,NA,es,FALSE,NA,58,NA,,NA,NA,,NA,NA,NA,NA,NA,NA,NA,NA,NA,NA
2023-01-29T23:05:13Z,1619834074666778600,1619834074666778626,"Se acaban los calificativos.

#AurreraReala https://t.co/7KNxiXhDCO","Se acaban los calificativos.

#AurreraReala https://t.co/7KNxiXhDCO",FALSE,,"<a href=""https://about.twitter.com/products/tweetdeck"" rel=""nofollow"">TweetDeck</a>",NA,NA,NA,NA,NA,,,,NA,FALSE,20,314,FALSE,NA,FALSE,NA,es,FALSE,NA,43,NA,,NA,NA,,NA,NA,NA,NA,NA,NA,NA,NA,NA,NA
2023-01-29T22:51:32Z,1619830632279859200,1619830632279859205,"Otro partidazo de ğ“ğ€ğŠğ„

ğŸ”ğŸ”ğŸ”ğŸ”ğŸ”

#WeareReal | #AurreraReala https://t.co/e4yXmEzLWV","Otro partidazo de ğ“ğ€ğŠğ„

ğŸ”ğŸ”ğŸ”ğŸ”ğŸ”

#WeareReal | #AurreraReala https://t.co/e4yXmEzLWV",FALSE,,"<a href=""https://about.twitter.com/products/tweetdeck"" rel=""nofollow"">TweetDeck</a>",NA,NA,NA,NA,NA,,,,NA,FALSE,65,1013,FALSE,NA,FALSE,NA,es,FALSE,NA,57,NA,,NA,NA,,NA,NA,NA,NA,NA,NA,NA,NA,NA,NA
2023-01-29T22:43:46Z,1619828676643922e3,1619828676643921921,"â„¹ @AritzElustondo se ha retirado por una torsiÃ³n en el tobillo derecho.

#AurreraReala https://t.co/bcubUPD3NB","â„¹ @AritzElustondo se ha retirado por una torsiÃ³n en el tobillo derecho.

#AurreraReala https://t.co/bcubUPD3NB",FALSE,,"<a href=""http://twitter.com/download/iphone"" rel=""nofollow"">Twitter for iPhone</a>",NA,NA,NA,NA,NA,,,,NA,FALSE,8,88,FALSE,NA,FALSE,NA,es,FALSE,NA,86,NA,,NA,NA,,NA,NA,NA,NA,NA,NA,NA,NA,NA,NA
2023-01-29T22:32:25Z,1619825822143238100,1619825822143238144,"RT si tÃº tambiÃ©n le llamas ğ•£ğ•–ğ•„ğ•Œâ„ğ•†

ğŸ“¸ @LaLiga 

#AurreraReala https://t.co/sHaUWXX9HO","RT si tÃº tambiÃ©n le llamas ğ•£ğ•–ğ•„ğ•Œâ„ğ•†

ğŸ“¸ @LaLiga 

#AurreraReala https://t.co/sHaUWXX9HO",FALSE,,"<a href=""http://twitter.com/download/iphone"" rel=""nofollow"">Twitter for iPhone</a>",NA,NA,NA,NA,NA,,,,NA,FALSE,112,415,FALSE,NA,FALSE,NA,es,FALSE,NA,60,NA,,NA,NA,,NA,NA,NA,NA,NA,NA,NA,NA,NA,NA
2023-01-29T22:16:45Z,1619821881162604500,1619821881162604545,"ğ™ğ”ğğˆğ„ğ“ğ€

#WeareReal | #AurreraReala https://t.co/IGj5CrfyG4","ğ™ğ”ğğˆğ„ğ“ğ€

#WeareReal | #AurreraReala https://t.co/IGj5CrfyG4",FALSE,,"<a href=""http://twitter.com/download/iphone"" rel=""nofollow"">Twitter for iPhone</a>",NA,NA,NA,NA,NA,,,,NA,FALSE,25,300,FALSE,NA,FALSE,NA,eu,FALSE,NA,35,NA,,NA,NA,,NA,NA,NA,NA,NA,NA,NA,NA,NA,NA
2023-01-29T22:09:00Z,1619819927975743500,1619819927975743491,"ğŸŒŸ Â¡Vota en la web al mejor jugador del partido y gana una camiseta y una compra de 100 euros con @BMSupermercados!

#BMRealarenSupermerkatua","ğŸŒŸ Â¡Vota en la web al mejor jugador del partido y gana una camiseta y una compra de 100 euros con @BMSupermercados!

#BMRealarenSupermerkatua",FALSE,,"<a href=""https://twitter.com"" rel=""nofollow"">Twitter for Advertisers</a>",NA,NA,NA,NA,NA,,,,NA,FALSE,5,54,FALSE,NA,FALSE,NA,es,NA,NA,140,NA,,NA,NA,,NA,NA,NA,NA,NA,NA,NA,NA,NA,NA
2023-01-29T21:54:52Z,1619816370849431600,1619816370849431553,"ğŸ”š Final. Sumamos un punto en el BernabÃ©u.

#RealMadridRealSociedad | #AurreraReala https://t.co/HQuzWzoL7F","ğŸ”š Final. Sumamos un punto en el BernabÃ©u.

#RealMadridRealSociedad | #AurreraReala https://t.co/HQuzWzoL7F",FALSE,,"<a href=""https://about.twitter.com/products/tweetdeck"" rel=""nofollow"">TweetDeck</a>",NA,NA,NA,NA,NA,,,,NA,FALSE,215,2034,FALSE,NA,FALSE,NA,es,FALSE,NA,82,NA,,NA,NA,,NA,NA,NA,NA,NA,NA,NA,NA,NA,NA
2023-01-29T21:52:49Z,1619815856418201600,1619815856418201600,"ğŸŸ¨ 94â€™ | 0-0 | Tarjeta amarilla para Remiro.

#RealMadridRealSociedad | #AurreraReala https://t.co/zgOL3nAZHE","ğŸŸ¨ 94â€™ | 0-0 | Tarjeta amarilla para Remiro.

#RealMadridRealSociedad | #AurreraReala https://t.co/zgOL3nAZHE",FALSE,,"<a href=""https://mobile.twitter.com"" rel=""nofollow"">Twitter Web App</a>",NA,NA,NA,NA,NA,,,,NA,FALSE,9,65,FALSE,NA,FALSE,NA,es,FALSE,NA,84,NA,,NA,NA,,NA,NA,NA,NA,NA,NA,NA,NA,NA,NA
2023-01-29T21:48:17Z,1619814715462664200,1619814715462664192,"â• 90â€™ | 0-0 | Cinco minutos de descuento. GOAZEN!!

#RealMadridRealSociedad | #AurreraReala https://t.co/QDgbQuLXMG","â• 90â€™ | 0-0 | Cinco minutos de descuento. GOAZEN!!

#RealMadridRealSociedad | #AurreraReala https://t.co/QDgbQuLXMG",FALSE,,"<a href=""https://mobile.twitter.com"" rel=""nofollow"">Twitter Web App</a>",NA,NA,NA,NA,NA,,,,NA,FALSE,5,58,FALSE,NA,FALSE,NA,pt,FALSE,NA,91,NA,,NA,NA,,NA,NA,NA,NA,NA,NA,NA,NA,NA,NA
2023-01-29T21:44:32Z,1619813770536292400,1619813770536292352,"ğŸ“¸ 86â€™ | 0-0 | Lo hemos tenido muy cerca... 

#RealMadridRealSociedad | #AurreraReala https://t.co/EBUJ4u6akH","ğŸ“¸ 86â€™ | 0-0 | Lo hemos tenido muy cerca... 

#RealMadridRealSociedad | #AurreraReala https://t.co/EBUJ4u6akH",FALSE,,"<a href=""https://mobile.twitter.com"" rel=""nofollow"">Twitter Web App</a>",NA,NA,NA,NA,NA,,,,NA,FALSE,9,120,FALSE,NA,FALSE,NA,es,FALSE,NA,84,NA,,NA,NA,,NA,NA,NA,NA,NA,NA,NA,NA,NA,NA
2023-01-29T21:42:20Z,1619813219278917600,1619813219278917633,"ğŸ”„ 84â€™ | 0-0 | Cambio en la Real

#RealMadridRealSociedad | #AurreraReala https://t.co/sk78sVY2r5","ğŸ”„ 84â€™ | 0-0 | Cambio en la Real

#RealMadridRealSociedad | #AurreraReala https://t.co/sk78sVY2r5",FALSE,,"<a href=""https://mobile.twitter.com"" rel=""nofollow"">Twitter Web App</a>",NA,NA,NA,NA,NA,,,,NA,FALSE,10,46,FALSE,NA,FALSE,NA,es,FALSE,NA,72,NA,,NA,NA,,NA,NA,NA,NA,NA,NA,NA,NA,NA,NA
2023-01-29T21:34:50Z,1619811330663514e3,1619811330663514117,"â±76â€™ | 0-0 | Repetimos: queremos mÃ¡s.

#RealMadridRealSociedad | #AurreraReala https://t.co/6XWmbRMG3W","â±76â€™ | 0-0 | Repetimos: queremos mÃ¡s.

#RealMadridRealSociedad | #AurreraReala https://t.co/6XWmbRMG3W",FALSE,,"<a href=""https://mobile.twitter.com"" rel=""nofollow"">Twitter Web App</a>",NA,NA,NA,NA,NA,,,,NA,FALSE,7,68,FALSE,NA,FALSE,NA,es,FALSE,NA,78,NA,,NA,NA,,NA,NA,NA,NA,NA,NA,NA,NA,NA,NA
2023-01-29T21:30:10Z,1619810157785124900,1619810157785124865,"â± 71â€™ | 0-0 | MANAZA DE REMIRO!!!! ğŸ§¤

#RealMadridRealSociedad | #AurreraReala","â± 71â€™ | 0-0 | MANAZA DE REMIRO!!!! ğŸ§¤

#RealMadridRealSociedad | #AurreraReala",FALSE,,"<a href=""https://mobile.twitter.com"" rel=""nofollow"">Twitter Web App</a>",NA,NA,NA,NA,NA,,,,NA,FALSE,8,66,FALSE,NA,FALSE,NA,es,NA,NA,77,NA,,NA,NA,,NA,NA,NA,NA,NA,NA,NA,NA,NA,NA
2023-01-29T21:28:59Z,1619809857053552600,1619809857053552640,"â± 70â€™ | 0-0 | Disparo de @robert10navarro que para otra vez Courtois!! QUEREMOS MÃS!!

#RealMadridRealSociedad | #AurreraReala https://t.co/zVaOx9Vl4X","â± 70â€™ | 0-0 | Disparo de @robert10navarro que para otra vez Courtois!! QUEREMOS MÃS!!

#RealMadridRealSociedad | #AurreraReala https://t.co/zVaOx9Vl4X",FALSE,,"<a href=""https://mobile.twitter.com"" rel=""nofollow"">Twitter Web App</a>",NA,NA,NA,NA,NA,,,,NA,FALSE,8,56,FALSE,NA,FALSE,NA,es,FALSE,NA,126,NA,,NA,NA,,NA,NA,NA,NA,NA,NA,NA,NA,NA,NA
2023-01-29T21:26:33Z,1619809245884735500,1619809245884735488,"ğŸŸ¨ 68â€™ | 0-0 | Tarjeta amarilla para Kubo

#RealMadridRealSociedad | #AurreraReala https://t.co/hJJAl6m6Ar","ğŸŸ¨ 68â€™ | 0-0 | Tarjeta amarilla para Kubo

#RealMadridRealSociedad | #AurreraReala https://t.co/hJJAl6m6Ar",FALSE,,"<a href=""https://mobile.twitter.com"" rel=""nofollow"">Twitter Web App</a>",NA,NA,NA,NA,NA,,,,NA,FALSE,13,155,FALSE,NA,FALSE,NA,es,FALSE,NA,81,NA,,NA,NA,,NA,NA,NA,NA,NA,NA,NA,NA,NA,NA
2023-01-29T21:24:29Z,1619808725996535800,1619808725996535809,"ğŸ”„ 66â€™ | 0-0 | Cambio en la Real.

#RealMadridRealSociedad | #AurreraReala https://t.co/VZUyPRZR2c","ğŸ”„ 66â€™ | 0-0 | Cambio en la Real.

#RealMadridRealSociedad | #AurreraReala https://t.co/VZUyPRZR2c",FALSE,,"<a href=""https://mobile.twitter.com"" rel=""nofollow"">Twitter Web App</a>",NA,NA,NA,NA,NA,,,,NA,FALSE,6,23,FALSE,NA,FALSE,NA,es,FALSE,NA,73,NA,,NA,NA,,NA,NA,NA,NA,NA,NA,NA,NA,NA,NA
2023-01-29T21:23:24Z,1619808453832355800,1619808453832355840,"â±66â€™ | 0-0 | ROBIN âŒ DEFENCE

#RealMadridRealSociedad | #AurreraReala https://t.co/idFT8imglj","â±66â€™ | 0-0 | ROBIN âŒ DEFENCE

#RealMadridRealSociedad | #AurreraReala https://t.co/idFT8imglj",FALSE,,"<a href=""https://mobile.twitter.com"" rel=""nofollow"">Twitter Web App</a>",NA,NA,NA,NA,NA,,,,NA,FALSE,7,71,FALSE,NA,FALSE,NA,en,FALSE,NA,69,NA,,NA,NA,,NA,NA,NA,NA,NA,NA,NA,NA,NA,NA
2023-01-29T21:19:26Z,1619807453079801900,1619807453079801859,"â±61â€™ | 0-0 | AAAYYYYYY!! Kubo ha tenido el primero pero salva Courtois!!

#RealMadridRealSociedad | #AurreraReala","â±61â€™ | 0-0 | AAAYYYYYY!! Kubo ha tenido el primero pero salva Courtois!!

#RealMadridRealSociedad | #AurreraReala",FALSE,,"<a href=""https://mobile.twitter.com"" rel=""nofollow"">Twitter Web App</a>",NA,NA,NA,NA,NA,,,,NA,FALSE,6,66,FALSE,NA,FALSE,NA,es,NA,NA,113,NA,,NA,NA,,NA,NA,NA,NA,NA,NA,NA,NA,NA,NA
2023-01-29T21:15:51Z,1619806551434489900,1619806551434489856,"â±57â€™ | 0-0 | Salvador Zubeldia!!

#RealMadridRealSociedad | #AurreraReala https://t.co/K49TBC1pdK","â±57â€™ | 0-0 | Salvador Zubeldia!!

#RealMadridRealSociedad | #AurreraReala https://t.co/K49TBC1pdK",FALSE,,"<a href=""https://mobile.twitter.com"" rel=""nofollow"">Twitter Web App</a>",NA,NA,NA,NA,NA,,,,NA,FALSE,7,58,FALSE,NA,FALSE,NA,et,FALSE,NA,73,NA,,NA,NA,,NA,NA,NA,NA,NA,NA,NA,NA,NA,NA
2023-01-29T21:13:19Z,1619805915695419400,1619805915695419392,"ğŸ”„55â€™ | 0-0 | MÃ¡s cambios en la Real.

#RealMadridRealSociedad | #AurreraReala https://t.co/cGWvieEYfb","ğŸ”„55â€™ | 0-0 | MÃ¡s cambios en la Real.

#RealMadridRealSociedad | #AurreraReala https://t.co/cGWvieEYfb",FALSE,,"<a href=""https://mobile.twitter.com"" rel=""nofollow"">Twitter Web App</a>",NA,NA,NA,NA,NA,,,,NA,FALSE,8,35,FALSE,NA,FALSE,NA,es,FALSE,NA,77,NA,,NA,NA,,NA,NA,NA,NA,NA,NA,NA,NA,NA,NA
2023-01-29T21:06:37Z,1619804228901535700,1619804228901535744,"ğŸ”„ 46â€™ | 0-0 | Primer cambio

#RealMadridRealSociedad | #AurreraReala https://t.co/XX8MULyoba","ğŸ”„ 46â€™ | 0-0 | Primer cambio

#RealMadridRealSociedad | #AurreraReala https://t.co/XX8MULyoba",FALSE,,"<a href=""https://mobile.twitter.com"" rel=""nofollow"">Twitter Web App</a>",NA,NA,NA,NA,NA,,,,NA,FALSE,5,22,FALSE,NA,FALSE,NA,es,FALSE,NA,68,NA,,NA,NA,,NA,NA,NA,NA,NA,NA,NA,NA,NA,NA
2023-01-29T21:02:02Z,1619803076143227e3,1619803076143226880,"ğŸ”› | 0-0 | Â¡Arranca la segunda mitad!
VAMOOOOS

#RealMadridRealSociedad | #AurreraReala https://t.co/Y7ZcvKlpp2","ğŸ”› | 0-0 | Â¡Arranca la segunda mitad!
VAMOOOOS

#RealMadridRealSociedad | #AurreraReala https://t.co/Y7ZcvKlpp2",FALSE,,"<a href=""https://mobile.twitter.com"" rel=""nofollow"">Twitter Web App</a>",NA,NA,NA,NA,NA,,,,NA,FALSE,6,49,FALSE,NA,FALSE,NA,es,FALSE,NA,86,NA,,NA,NA,,NA,NA,NA,NA,NA,NA,NA,NA,NA,NA
2023-01-29T20:47:53Z,1619799516085125e3,1619799516085125120,"â± 45+1â€™ | 0-0 | Para Remiro!!!!!!!

#RealMadridRealSociedad | #AurreraReala","â± 45+1â€™ | 0-0 | Para Remiro!!!!!!!

#RealMadridRealSociedad | #AurreraReala",FALSE,,"<a href=""https://mobile.twitter.com"" rel=""nofollow"">Twitter Web App</a>",NA,NA,NA,NA,NA,,,,NA,FALSE,5,53,FALSE,NA,FALSE,NA,pt,NA,NA,75,NA,,NA,NA,,NA,NA,NA,NA,NA,NA,NA,NA,NA,NA
2023-01-29T20:47:50Z,1619799501484572700,1619799501484572676,"â¸ Descanso en Madrid. 

#RealMadridRealSociedad | #AurreraReala https://t.co/KrOrcLBBQc","â¸ Descanso en Madrid. 

#RealMadridRealSociedad | #AurreraReala https://t.co/KrOrcLBBQc",FALSE,,"<a href=""https://about.twitter.com/products/tweetdeck"" rel=""nofollow"">TweetDeck</a>",NA,NA,NA,NA,NA,,,,NA,FALSE,17,75,FALSE,NA,FALSE,NA,es,FALSE,NA,63,NA,,NA,NA,,NA,NA,NA,NA,NA,NA,NA,NA,NA,NA
2023-01-29T20:42:36Z,1619798185534427100,1619798185534427136,"â±41â€™ | 0-0 | Queremos mÃ¡s

#RealMadridRealSociedad | #AurreraReala https://t.co/LLoGIWijDJ","â±41â€™ | 0-0 | Queremos mÃ¡s

#RealMadridRealSociedad | #AurreraReala https://t.co/LLoGIWijDJ",FALSE,,"<a href=""https://mobile.twitter.com"" rel=""nofollow"">Twitter Web App</a>",NA,NA,NA,NA,NA,,,,NA,FALSE,4,27,FALSE,NA,FALSE,NA,es,FALSE,NA,66,NA,,NA,NA,,NA,NA,NA,NA,NA,NA,NA,NA,NA,NA
2023-01-29T20:33:54Z,1619795994736201700,1619795994736201728,"â±32â€™ | 0-0 | Buena parada de Remiro a Kroos!

#RealMadridRealSociedad | #AurreraReala https://t.co/GokM5XbzVL","â±32â€™ | 0-0 | Buena parada de Remiro a Kroos!

#RealMadridRealSociedad | #AurreraReala https://t.co/GokM5XbzVL",FALSE,,"<a href=""https://mobile.twitter.com"" rel=""nofollow"">Twitter Web App</a>",NA,NA,NA,NA,NA,,,,NA,FALSE,7,58,FALSE,NA,FALSE,NA,es,FALSE,NA,85,NA,,NA,NA,,NA,NA,NA,NA,NA,NA,NA,NA,NA,NA
2023-01-29T20:32:50Z,1619795726418198500,1619795726418198528,"â±32â€™ | 0-0 | Vuelve al BernabÃ©u

#RealMadridRealSociedad | #AurreraReala https://t.co/AHHrgBdniU","â±32â€™ | 0-0 | Vuelve al BernabÃ©u

#RealMadridRealSociedad | #AurreraReala https://t.co/AHHrgBdniU",FALSE,,"<a href=""https://mobile.twitter.com"" rel=""nofollow"">Twitter Web App</a>",NA,NA,NA,NA,NA,,,,NA,FALSE,20,263,FALSE,NA,FALSE,NA,es,FALSE,NA,72,NA,,NA,NA,,NA,NA,NA,NA,NA,NA,NA,NA,NA,NA
2023-01-29T20:28:50Z,1619794719189655600,1619794719189655552,"ğŸŸ¨ 27â€™ | 0-0 | Tarjeta amarilla para @MartinZubimendi.

#RealMadridRealSociedad | #AurreraReala https://t.co/61et4sctnt","ğŸŸ¨ 27â€™ | 0-0 | Tarjeta amarilla para @MartinZubimendi.

#RealMadridRealSociedad | #AurreraReala https://t.co/61et4sctnt",FALSE,,"<a href=""https://mobile.twitter.com"" rel=""nofollow"">Twitter Web App</a>",NA,NA,NA,NA,NA,,,,NA,FALSE,5,34,FALSE,NA,FALSE,NA,es,FALSE,NA,94,NA,,NA,NA,,NA,NA,NA,NA,NA,NA,NA,NA,NA,NA
2023-01-29T20:26:28Z,1619794125896953900,1619794125896953858,"â± 25â€™ | 0-0 | Nuestro 3âƒ£

@MartinZubimendi 

#RealMadridRealSociedad | #AurreraReala https://t.co/Y278jC05Ah","â± 25â€™ | 0-0 | Nuestro 3âƒ£

@MartinZubimendi 

#RealMadridRealSociedad | #AurreraReala https://t.co/Y278jC05Ah",FALSE,,"<a href=""https://mobile.twitter.com"" rel=""nofollow"">Twitter Web App</a>",NA,NA,NA,NA,NA,,,,NA,FALSE,8,79,FALSE,NA,FALSE,NA,en,FALSE,NA,84,NA,,NA,NA,,NA,NA,NA,NA,NA,NA,NA,NA,NA,NA
2023-01-29T20:18:53Z,1619792215810928600,1619792215810928641,"â±17â€™ | 0-0 | ILLARRA!!!! CaÃ±onazo que se va por pocoooooo

#RealMadridRealSociedad | #AurreraReala","â±17â€™ | 0-0 | ILLARRA!!!! CaÃ±onazo que se va por pocoooooo

#RealMadridRealSociedad | #AurreraReala",FALSE,,"<a href=""https://mobile.twitter.com"" rel=""nofollow"">Twitter Web App</a>",NA,NA,NA,NA,NA,,,,NA,FALSE,3,31,FALSE,NA,FALSE,NA,es,NA,NA,98,NA,,NA,NA,,NA,NA,NA,NA,NA,NA,NA,NA,NA,NA
2023-01-29T20:17:25Z,1.6197918494342881e+18,1619791849434288128,"ğŸ“¸ 15â€™ | 0-0 | Sin ocasiones claras de momento. Seguimos ğŸ’ª

#RealMadridRealSociedad | #AurreraReala https://t.co/i1u4Z5vWS4","ğŸ“¸ 15â€™ | 0-0 | Sin ocasiones claras de momento. Seguimos ğŸ’ª

#RealMadridRealSociedad | #AurreraReala https://t.co/i1u4Z5vWS4",FALSE,,"<a href=""https://mobile.twitter.com"" rel=""nofollow"">Twitter Web App</a>",NA,NA,NA,NA,NA,,,,NA,FALSE,4,31,FALSE,NA,FALSE,NA,es,FALSE,NA,98,NA,,NA,NA,,NA,NA,NA,NA,NA,NA,NA,NA,NA,NA
2023-01-29T20:12:45Z,1619790674999615500,1619790674999615488,"2âƒ£0âƒ£0âƒ£ Partidos de Txuri-Urdin.

ğŸ”µâšª Zorionak, Igor! ğŸ” 

#WeareReal | #AurreraReala https://t.co/ZEJnJISwqR","2âƒ£0âƒ£0âƒ£ Partidos de Txuri-Urdin.

ğŸ”µâšª Zorionak, Igor! ğŸ” 

#WeareReal | #AurreraReala https://t.co/ZEJnJISwqR",FALSE,,"<a href=""https://about.twitter.com/products/tweetdeck"" rel=""nofollow"">TweetDeck</a>",NA,NA,NA,NA,NA,,,,NA,FALSE,10,108,FALSE,NA,FALSE,NA,eu,FALSE,NA,82,NA,,NA,NA,,NA,NA,NA,NA,NA,NA,NA,NA,NA,NA
2023-01-29T20:12:04Z,1619790502978785300,1619790502978785280,"ğŸ“¸ 10â€™ | 0-0 | AsÃ­ de cerca hemos tenido el primero

#RealMadridRealSociedad | #AurreraReala https://t.co/9Spcafl2ls","ğŸ“¸ 10â€™ | 0-0 | AsÃ­ de cerca hemos tenido el primero

#RealMadridRealSociedad | #AurreraReala https://t.co/9Spcafl2ls",FALSE,,"<a href=""http://twitter.com/download/iphone"" rel=""nofollow"">Twitter for iPhone</a>",NA,NA,NA,NA,NA,,,,NA,FALSE,6,38,FALSE,NA,FALSE,NA,es,FALSE,NA,91,NA,,NA,NA,,NA,NA,NA,NA,NA,NA,NA,NA,NA,NA
2023-01-29T20:08:08Z,1619789511952842800,1619789511952842752,"â± 6â€™ | 0-0 | UUUYYYY!! Centro de @Aihen11 que a punto remata @Asorloth!!

#RealMadridRealSociedad | #AurreraReala","â± 6â€™ | 0-0 | UUUYYYY!! Centro de @Aihen11 que a punto remata @Asorloth!!

#RealMadridRealSociedad | #AurreraReala",FALSE,,"<a href=""https://mobile.twitter.com"" rel=""nofollow"">Twitter Web App</a>",NA,NA,NA,NA,NA,,,,NA,FALSE,4,30,FALSE,NA,FALSE,NA,es,NA,NA,113,NA,,NA,NA,,NA,NA,NA,NA,NA,NA,NA,NA,NA,NA
2023-01-29T20:01:29Z,1619787840182956e3,1619787840182956032,"âš” | 0-0 | Â¡Empieza el partido en el BernabÃ©u!

#RealMadridRealSociedad  | #AurreraReala https://t.co/tvG8ZRHybg","âš” | 0-0 | Â¡Empieza el partido en el BernabÃ©u!

#RealMadridRealSociedad  | #AurreraReala https://t.co/tvG8ZRHybg",FALSE,,"<a href=""https://mobile.twitter.com"" rel=""nofollow"">Twitter Web App</a>",NA,NA,NA,NA,NA,,,,NA,FALSE,11,46,FALSE,NA,FALSE,NA,es,FALSE,NA,87,NA,,NA,NA,,NA,NA,NA,NA,NA,NA,NA,NA,NA,NA
2023-01-29T19:55:00Z,1619786205494759400,1619786205494759424,"ğŸ”´ Â¡Sigue en ğ——ğ—œğ—¥ğ—˜ğ—–ğ—§ğ—¢ el partido!

#RealMadridRealSociedad | #AurreraReala","ğŸ”´ Â¡Sigue en ğ——ğ—œğ—¥ğ—˜ğ—–ğ—§ğ—¢ el partido!

#RealMadridRealSociedad | #AurreraReala",FALSE,,"<a href=""https://twitter.com"" rel=""nofollow"">Twitter for Advertisers</a>",NA,NA,NA,NA,NA,,,,NA,FALSE,3,22,FALSE,NA,FALSE,NA,es,NA,NA,72,NA,,NA,NA,,NA,NA,NA,NA,NA,NA,NA,NA,NA,NA
2023-01-29T19:50:05Z,1619784969894912e3,1619784969894912000,"â³ Diez minutos. Goazen!!! ğŸ’™

#RealMadridRealSociedad | #AurreraReala https://t.co/BaRCTYYsf6","â³ Diez minutos. Goazen!!! ğŸ’™

#RealMadridRealSociedad | #AurreraReala https://t.co/BaRCTYYsf6",FALSE,,"<a href=""http://twitter.com/download/iphone"" rel=""nofollow"">Twitter for iPhone</a>",NA,NA,NA,NA,NA,,,,NA,FALSE,4,65,FALSE,NA,FALSE,NA,pt,FALSE,NA,68,NA,,NA,NA,,NA,NA,NA,NA,NA,NA,NA,NA,NA,NA
2023-01-29T19:43:44Z,1619783369839247400,1619783369839247361,"ğŸ”¥ A por la victoria ğŸ”¥ 

#RealMadridRealSociedad | #AurreraReala https://t.co/PMMEf6Cq9v","ğŸ”¥ A por la victoria ğŸ”¥ 

#RealMadridRealSociedad | #AurreraReala https://t.co/PMMEf6Cq9v",FALSE,,"<a href=""http://twitter.com/download/iphone"" rel=""nofollow"">Twitter for iPhone</a>",NA,NA,NA,NA,NA,,,,NA,FALSE,31,403,FALSE,NA,FALSE,NA,es,FALSE,NA,63,NA,,NA,NA,,NA,NA,NA,NA,NA,NA,NA,NA,NA,NA
2023-01-29T19:33:10Z,1619780713246769200,1619780713246769152,"ğŸ’ªğŸ’ªğŸ’ªğŸ’ªğŸ’ª

#RealMadridRealSociedad | #AurreraReala https://t.co/Om2otl28J5","ğŸ’ªğŸ’ªğŸ’ªğŸ’ªğŸ’ª

#RealMadridRealSociedad | #AurreraReala https://t.co/Om2otl28J5",FALSE,,"<a href=""http://twitter.com/download/iphone"" rel=""nofollow"">Twitter for iPhone</a>",NA,NA,NA,NA,NA,,,,NA,FALSE,11,155,FALSE,NA,FALSE,NA,und,FALSE,NA,46,NA,,NA,NA,,NA,NA,NA,NA,NA,NA,NA,NA,NA,NA
2023-01-29T19:21:37Z,1619777807382646800,1619777807382646784,"ğŸ‘‹ Siempre es un placer volver a verte, @alvaroodriozola â˜ºï¸

#RealMadridRealSociedad | #AurreraReala https://t.co/mO7JG2wNF0","ğŸ‘‹ Siempre es un placer volver a verte, @alvaroodriozola â˜ºï¸

#RealMadridRealSociedad | #AurreraReala https://t.co/mO7JG2wNF0",FALSE,,"<a href=""http://twitter.com/download/iphone"" rel=""nofollow"">Twitter for iPhone</a>",NA,NA,NA,NA,NA,,,,NA,FALSE,16,199,FALSE,NA,FALSE,NA,es,FALSE,NA,99,NA,,NA,NA,,NA,NA,NA,NA,NA,NA,NA,NA,NA,NA
2023-01-29T19:14:23Z,1619775983724404700,1619775983724404736,"ğŸŸï¸ Santiago BernabÃ©u

#RealMadridRealSociedad | #AurreraReala https://t.co/doEGOstij9","ğŸŸï¸ Santiago BernabÃ©u

#RealMadridRealSociedad | #AurreraReala https://t.co/doEGOstij9",FALSE,,"<a href=""http://twitter.com/download/iphone"" rel=""nofollow"">Twitter for iPhone</a>",NA,NA,NA,NA,NA,,,,NA,FALSE,8,90,FALSE,NA,FALSE,NA,pt,FALSE,NA,61,NA,,NA,NA,,NA,NA,NA,NA,NA,NA,NA,NA,NA,NA
2023-01-29T18:56:36Z,1619771509668548600,1619771509668548609,"ğŸ“‹ Â¡La ğ—”ğ—Ÿğ—œğ—¡ğ—˜ğ—”ğ—–ğ—œğ—¢Ìğ—¡ de la Real ğŸ†š @RealMadrid!

#RealMadridRealSociedad | #AurreraReala https://t.co/qwg1W3XQMJ","ğŸ“‹ Â¡La ğ—”ğ—Ÿğ—œğ—¡ğ—˜ğ—”ğ—–ğ—œğ—¢Ìğ—¡ de la Real ğŸ†š @RealMadrid!

#RealMadridRealSociedad | #AurreraReala https://t.co/qwg1W3XQMJ",FALSE,,"<a href=""https://about.twitter.com/products/tweetdeck"" rel=""nofollow"">TweetDeck</a>",NA,NA,NA,NA,NA,,,,NA,FALSE,142,665,FALSE,NA,FALSE,NA,es,FALSE,NA,84,NA,,NA,NA,,NA,NA,NA,NA,NA,NA,NA,NA,NA,NA
2023-01-29T18:47:19Z,1619769174795980800,1619769174795980800,"ğŸ¥ HIGHLIGHTS: Real C 3-1 @CDAlfaro 

ğŸ†™ AUPA REAL!!! ğŸ’™ğŸ’™ğŸ’™

#Zubieta | #AurreraReala https://t.co/1JOWWtrTDg","ğŸ¥ HIGHLIGHTS: Real C 3-1 @CDAlfaro 

ğŸ†™ AUPA REAL!!! ğŸ’™ğŸ’™ğŸ’™

#Zubieta | #AurreraReala https://t.co/1JOWWtrTDg",FALSE,,"<a href=""https://studio.twitter.com"" rel=""nofollow"">Twitter Media Studio</a>",NA,NA,NA,NA,NA,,,,NA,FALSE,7,38,FALSE,NA,FALSE,NA,en,FALSE,NA,81,NA,,NA,NA,,NA,NA,NA,NA,NA,NA,NA,NA,NA,NA
2023-01-29T18:26:56Z,1619764045795692500,1619764045795692544,"ğŸšŒğŸ”œ Santiago BernabÃ©u 

#RealMadridRealSociedad | #AurreraReala https://t.co/eWv7dRhBjT","ğŸšŒğŸ”œ Santiago BernabÃ©u 

#RealMadridRealSociedad | #AurreraReala https://t.co/eWv7dRhBjT",FALSE,,"<a href=""http://twitter.com/download/iphone"" rel=""nofollow"">Twitter for iPhone</a>",NA,NA,NA,NA,NA,,,,NA,FALSE,6,79,FALSE,NA,FALSE,NA,pt,FALSE,NA,62,NA,,NA,NA,,NA,NA,NA,NA,NA,NA,NA,NA,NA,NA
2023-01-29T18:17:24Z,1619761645995303e3,1619761645995302912,"ğŸ•µï¸â€â™‚ï¸ La alineaciÃ³n del rival.

#RealMadridRealSociedad | #AurreraReala https://t.co/Eb5IOVlzmn","ğŸ•µï¸â€â™‚ï¸ La alineaciÃ³n del rival.

#RealMadridRealSociedad | #AurreraReala https://t.co/Eb5IOVlzmn",FALSE,,"<a href=""http://twitter.com/download/iphone"" rel=""nofollow"">Twitter for iPhone</a>",NA,NA,NA,NA,NA,,,,NA,TRUE,7,40,FALSE,NA,FALSE,NA,es,FALSE,NA,71,NA,,1619757899214889e3,1619757899214888965,,NA,NA,NA,NA,NA,NA,NA,NA,NA,NA
2023-01-29T18:12:37Z,1619760442775343e3,1619760442775343104,"âš½ï¸ CANTERA

DivisiÃ³n de Honor Juvenil: San Juan 1-2 RS

Liga Nacional Juvenil: Easo 2-0 Hernani

Liga Vasca Cadete: Eibar 0-3 RS

Cadete de Honor: Luberri 1-4 RS

Cadete Preferente: RS 5-0 Zarautz

Infantil de Honor: RS 3-2 Orioko 

#Zubieta | #AurreraReala","âš½ï¸ CANTERA

DivisiÃ³n de Honor Juvenil: San Juan 1-2 RS

Liga Nacional Juvenil: Easo 2-0 Hernani

Liga Vasca Cadete: Eibar 0-3 RS

Cadete de Honor: Luberri 1-4 RS

Cadete Preferente: RS 5-0 Zarautz

Infantil de Honor: RS 3-2 Orioko 

#Zubieta | #AurreraReala",FALSE,,"<a href=""http://twitter.com/download/iphone"" rel=""nofollow"">Twitter for iPhone</a>",NA,NA,NA,NA,NA,,,,NA,FALSE,2,30,FALSE,NA,FALSE,NA,es,NA,NA,257,NA,,NA,NA,,NA,NA,NA,NA,NA,NA,NA,NA,NA,NA
2023-01-29T17:00:00Z,1619742166049345500,1619742166049345538,"ğŸ§ Â¿CuÃ¡l serÃ¡ el resultado de hoy?   

#RealMadridRealSociedad | #AurreraReala https://t.co/tTeI8ynHKX","ğŸ§ Â¿CuÃ¡l serÃ¡ el resultado de hoy?   

#RealMadridRealSociedad | #AurreraReala https://t.co/tTeI8ynHKX",FALSE,,"<a href=""https://about.twitter.com/products/tweetdeck"" rel=""nofollow"">TweetDeck</a>",NA,NA,NA,NA,NA,,,,NA,FALSE,33,617,FALSE,NA,FALSE,NA,es,FALSE,NA,77,NA,,NA,NA,,NA,NA,NA,NA,NA,NA,NA,NA,NA,NA
2023-01-29T16:51:12Z,1619739950815268900,1619739950815268864,"ğŸ”š Final del partido: Real C 3-1 @CDAlfaro 

ğŸ’ª Nuestro segundo filial remonta el partido y consigue tres importantes puntos en casa. AUPA REAL!!! ğŸ’™ğŸ’™ 

#Zubieta | #AurreraReala https://t.co/tHpoXlU4y8","ğŸ”š Final del partido: Real C 3-1 @CDAlfaro 

ğŸ’ª Nuestro segundo filial remonta el partido y consigue tres importantes puntos en casa. AUPA REAL!!! ğŸ’™ğŸ’™ 

#Zubieta | #AurreraReala https://t.co/tHpoXlU4y8",FALSE,,"<a href=""https://mobile.twitter.com"" rel=""nofollow"">Twitter Web App</a>",NA,NA,NA,NA,NA,,,,NA,FALSE,9,54,FALSE,NA,FALSE,NA,es,FALSE,NA,174,NA,,NA,NA,,NA,NA,NA,NA,NA,NA,NA,NA,NA,NA
2023-01-29T15:00:00Z,1619711966309765e3,1619711966309765123,"ğŸ“ Un duelo Real. GOAZEN!!!

#RealMadridRealSociedad | #AurreraReala 

https://t.co/U6Z4Bwzngy","ğŸ“ Un duelo Real. GOAZEN!!!

#RealMadridRealSociedad | #AurreraReala 

https://t.co/U6Z4Bwzngy",FALSE,,"<a href=""https://about.twitter.com/products/tweetdeck"" rel=""nofollow"">TweetDeck</a>",NA,NA,NA,NA,NA,,,,NA,FALSE,8,94,FALSE,NA,FALSE,NA,eu,FALSE,NA,93,NA,,NA,NA,,NA,NA,NA,NA,NA,NA,NA,NA,NA,NA
2023-01-29T14:55:00Z,1619710708001775600,1619710708001775616,"ğŸ¥ğŸ”´ Â¡Sigue en ğ——ğ—œğ—¥ğ—˜ğ—–ğ—§ğ—¢ el #RealSociedad C - @CDAlfaro!

âš½ 2Âª RFEF

#Zubieta | #AurreraReala","ğŸ¥ğŸ”´ Â¡Sigue en ğ——ğ—œğ—¥ğ—˜ğ—–ğ—§ğ—¢ el #RealSociedad C - @CDAlfaro!

âš½ 2Âª RFEF

#Zubieta | #AurreraReala",FALSE,,"<a href=""https://twitter.com"" rel=""nofollow"">Twitter for Advertisers</a>",NA,NA,NA,NA,NA,,,,NA,FALSE,2,25,FALSE,NA,FALSE,NA,es,NA,NA,89,NA,,NA,NA,,NA,NA,NA,NA,NA,NA,NA,NA,NA,NA
2023-01-29T14:24:23Z,1619703005535928300,1619703005535928332,"ğŸ¤—ğŸ’™

#AurreraReala https://t.co/NS1rNwasn7","ğŸ¤—ğŸ’™

#AurreraReala https://t.co/NS1rNwasn7",FALSE,,"<a href=""https://mobile.twitter.com"" rel=""nofollow"">Twitter Web App</a>",NA,NA,NA,NA,NA,,,,NA,FALSE,8,112,FALSE,NA,FALSE,NA,und,FALSE,NA,17,NA,,NA,NA,,NA,NA,NA,NA,NA,NA,NA,NA,NA,NA
2023-01-29T14:18:44Z,1619701581062238200,1619701581062238210,"ğŸ“ Â¡La ğ—”ğ—Ÿğ—œğ—¡ğ—˜ğ—”ğ—–ğ—œğ—¢Ìğ—¡ de la Real C ğŸ†š @CDAlfaro!

#Zubieta | #AurreraReala https://t.co/r1ZmkVGJT6","ğŸ“ Â¡La ğ—”ğ—Ÿğ—œğ—¡ğ—˜ğ—”ğ—–ğ—œğ—¢Ìğ—¡ de la Real C ğŸ†š @CDAlfaro!

#Zubieta | #AurreraReala https://t.co/r1ZmkVGJT6",FALSE,,"<a href=""https://mobile.twitter.com"" rel=""nofollow"">Twitter Web App</a>",NA,NA,NA,NA,NA,,,,NA,FALSE,1,38,FALSE,NA,FALSE,NA,es,FALSE,NA,69,NA,,NA,NA,,NA,NA,NA,NA,NA,NA,NA,NA,NA,NA
2023-01-29T13:42:35Z,1619692483050631200,1619692483050631170,"ğŸ“ Madrid

#AurreraReala https://t.co/DVHFN6UaUl","ğŸ“ Madrid

#AurreraReala https://t.co/DVHFN6UaUl",FALSE,,"<a href=""http://twitter.com/download/iphone"" rel=""nofollow"">Twitter for iPhone</a>",NA,NA,NA,NA,NA,,,,NA,FALSE,11,141,FALSE,NA,FALSE,NA,es,FALSE,NA,23,NA,,NA,NA,,NA,NA,NA,NA,NA,NA,NA,NA,NA,NA
2023-01-29T13:14:57Z,1619685530631016400,1619685530631016449,"ğŸ¤— Imanol ğŸ’™

#AurreraReala https://t.co/NX8qcDtWwq","ğŸ¤— Imanol ğŸ’™

#AurreraReala https://t.co/NX8qcDtWwq",FALSE,,"<a href=""http://twitter.com/download/iphone"" rel=""nofollow"">Twitter for iPhone</a>",NA,NA,NA,NA,NA,,,,NA,FALSE,13,246,FALSE,NA,FALSE,NA,en,FALSE,NA,25,NA,,NA,NA,,NA,NA,NA,NA,NA,NA,NA,NA,NA,NA
2023-01-29T13:00:00Z,1619681767652298800,1619681767652298753,"ğŸŒ Â¡EnvÃ­anos tu ğŸ“¸ de txuri urdin y la compartiremos en nuestro FAN WALL!

https://t.co/T2A0htYLx2

#RealistasPorElMundo https://t.co/mjEBaCXOMk","ğŸŒ Â¡EnvÃ­anos tu ğŸ“¸ de txuri urdin y la compartiremos en nuestro FAN WALL!

https://t.co/T2A0htYLx2

#RealistasPorElMundo https://t.co/mjEBaCXOMk",FALSE,,"<a href=""https://about.twitter.com/products/tweetdeck"" rel=""nofollow"">TweetDeck</a>",NA,NA,NA,NA,NA,,,,NA,FALSE,2,102,FALSE,NA,FALSE,NA,es,FALSE,NA,118,NA,,NA,NA,,NA,NA,NA,NA,NA,NA,NA,NA,NA,NA
